{"root":0,"uuid":"5H1o5ZyyrYwZXGI92jXu","version":0.1,"symbols":[{"type":5,"frames":[{}]},{"type":4,"id":111,"commands":[3,5,1,13840175,1,8,77,-144,7,116,-115,7,139,-87,4,113,85,-90,135,7,-114,115,7,-147,71,4,-110,-82,77,-144,5,1,12986408,1,8,139,-87,4,153,-64,159,-38,7,163,0,4,163,67,116,115,4,68,163,1,163,7,-26,161,4,-62,155,-90,135,4,113,85,139,-87,5,1,15022389,1,8,-147,71,7,-155,51,4,-163,27,-163,0,4,-163,-68,-114,-115,4,-67,-163,1,-163,7,4,-163,7,26,-161,7,43,-157,7,77,-144,4,-110,-82,-147,71,5]},{"type":4,"id":110,"commands":[3,5,1,4342338,0.8,8,77,-120,7,116,-91,7,139,-63,4,153,-40,159,-14,7,163,24,4,163,91,116,139,4,68,187,1,187,7,-26,185,4,-62,179,-90,159,7,-114,139,7,-147,95,7,-155,75,4,-163,51,-163,24,4,-163,-44,-114,-91,4,-67,-139,1,-139,7,4,-139,7,26,-137,7,43,-133,7,77,-120,5]},{"type":5,"id":109,"frames":[{"objects":[{"name":null,"type":0,"depth":1,"symbol":108,"clipDepth":0,"id":0,"matrix":[1,0,0,1,0,0]}]},{}]},{"type":5,"id":108,"frames":[{"objects":[{"type":0,"depth":0,"symbol":107,"clipDepth":0,"id":0,"visible":true,"matrix":[1,0,0,1,-247,0]}]}]},{"path":"symbols/107.png","type":0,"id":107},{"type":5,"id":106,"frames":[{"objects":[{"name":null,"type":0,"depth":1,"symbol":105,"clipDepth":0,"id":0,"matrix":[1,0,0,1,0,0]}]}]},{"type":4,"id":105,"commands":[3,5,1,16777215,1,8,0,0,7,12841,0,7,12841,828,7,0,828,7,0,0,5]},{"selectable":false,"html":true,"password":false,"color":-587202560,"fontName":"Co Text Bold","rect":[-1208,-40,4230,813],"text":"<p align=\"center\"></p>","type":2,"border":false,"leftMargin":0,"fontID":37,"id":104,"wordWrap":false,"leading":34,"indent":0,"multiline":false,"align":"center","rightMargin":0,"fontHeight":360,"input":false},{"selectable":true,"html":true,"password":false,"color":-586281458,"fontName":"Co Text Bold","rect":[-40,-40,1100,604],"text":"<p align=\"center\"><font face=\"Co Text Bold\" size=\"15\" color=\"#0e0e0e\" letterSpacing=\"0.00\" kerning=\"1\"><b>99/99</b></font></p>","type":2,"border":false,"leftMargin":0,"fontID":37,"id":103,"wordWrap":false,"leading":0,"indent":0,"multiline":false,"align":"center","rightMargin":0,"fontHeight":300,"input":true},{"hitState":{"type":5,"frames":[{"objects":[{"type":0,"depth":0,"symbol":98,"clipDepth":0,"id":0,"visible":true,"colorTransform":[20,20,20,20,0,0,0,0],"matrix":[1,0,0,1,0,0]},{"type":0,"depth":1,"symbol":101,"clipDepth":0,"id":1,"visible":true,"colorTransform":[20,20,20,20,0,0,0,0],"matrix":[1,0,0,1,0,0]}]}]},"type":1,"upState":{"type":5,"frames":[{"objects":[{"type":0,"depth":0,"symbol":98,"clipDepth":0,"id":0,"visible":true,"colorTransform":[20,20,20,20,0,0,0,0],"matrix":[1,0,0,1,0,0]},{"type":0,"depth":1,"symbol":99,"clipDepth":0,"id":1,"visible":true,"colorTransform":[20,20,20,20,0,0,0,0],"matrix":[1,0,0,1,0,0]}]}]},"overState":{"type":5,"frames":[{"objects":[{"type":0,"depth":0,"symbol":98,"clipDepth":0,"id":0,"visible":true,"colorTransform":[20,20,20,20,0,0,0,0],"matrix":[1,0,0,1,0,0]},{"type":0,"depth":1,"symbol":99,"clipDepth":0,"id":1,"visible":true,"colorTransform":[20,20,20,20,0,0,0,0],"matrix":[1,0,0,1,0,0]},{"type":0,"depth":2,"symbol":100,"clipDepth":0,"id":2,"visible":true,"colorTransform":[20,20,20,20,0,0,0,0],"matrix":[1,0,0,1,0,0]}]}]},"id":102,"downState":{"type":5,"frames":[{"objects":[{"type":0,"depth":0,"symbol":98,"clipDepth":0,"id":0,"visible":true,"colorTransform":[20,20,20,20,0,0,0,0],"matrix":[1,0,0,1,0,0]},{"type":0,"depth":1,"symbol":101,"clipDepth":0,"id":1,"visible":true,"colorTransform":[20,20,20,20,0,0,0,0],"matrix":[1,0,0,1,0,0]}]}]}},{"type":4,"id":101,"commands":[3,5,1,16766287,1,8,229,-328,4,243,-301,253,-262,4,-45,-291,-424,-15,4,-420,-47,-398,-81,7,-398,-82,4,-373,-123,-315,-175,4,-172,-286,10,-346,7,9,-346,4,182,-400,229,-328,5,1,16752640,1,8,-399,80,4,-425,42,-425,1,4,61,362,258,250,4,246,303,229,336,4,180,399,9,343,7,10,343,4,-173,284,-317,169,4,-372,121,-399,80,5]},{"type":4,"id":100,"commands":[3,5,1,16777215,0.2,8,-399,-80,4,-372,-121,-317,-169,4,-173,-284,10,-343,7,9,-343,4,180,-399,229,-336,4,276,-246,276,-15,7,276,17,4,276,238,229,328,4,182,400,9,346,7,10,346,4,-172,286,-315,175,4,-373,123,-398,82,7,-398,81,4,-452,-3,-399,-80,5]},{"type":4,"id":99,"commands":[3,5,1,16766287,1,8,229,328,4,182,400,9,346,7,10,346,4,-172,286,-315,175,4,-373,123,-398,82,7,-398,81,4,-420,47,-424,15,4,-45,291,253,262,4,243,301,229,328,5,1,16752640,1,8,-399,-80,4,-372,-121,-317,-169,4,-173,-284,10,-343,7,9,-343,4,180,-399,229,-336,4,246,-303,258,-250,4,61,-362,-425,-1,4,-425,-42,-399,-80,5]},{"type":4,"id":98,"commands":[3,5,1,16761095,1,8,-399,-80,4,-372,-121,-317,-169,4,-173,-284,10,-343,7,9,-343,4,180,-399,229,-336,4,276,-246,276,-15,7,276,17,4,276,238,229,328,4,182,400,9,346,7,10,346,4,-172,286,-315,175,4,-373,123,-398,82,7,-398,81,4,-452,-3,-399,-80,5]},{"type":5,"className":"org.oyunstudyosu.sanalika.panels.inventory.Slot","baseClassName":null,"id":97,"frames":[{"objects":[{"name":"bg","type":0,"depth":1,"symbol":91,"clipDepth":0,"id":0,"filters":[[2,2,89.9993809572637,4342338,1,0,0,0.19921875,1,false,false,false]],"matrix":[1,0,0,1,0,0]},{"name":"holder","type":0,"depth":4,"symbol":92,"clipDepth":0,"id":1,"matrix":[1,0,0,1,480,420]},{"name":"quantity","type":0,"depth":6,"symbol":94,"clipDepth":0,"id":2,"matrix":[1,0,0,1,280,560]},{"name":"barbg","type":0,"depth":8,"symbol":96,"clipDepth":0,"id":3,"colorTransform":[0,0,0,20,2560,2560,2560,0],"matrix":[1.89898681640625,0,0,1.5,100,825]},{"name":"bar","type":0,"depth":10,"symbol":96,"clipDepth":0,"id":4,"colorTransform":[1,1,1,20,4800,0,0,0],"matrix":[0.800201416015625,0,0,1.5,100,825]}]}]},{"type":5,"id":96,"scale9Grid":[30,20,325,5],"frames":[{"objects":[{"name":null,"type":0,"depth":1,"symbol":95,"clipDepth":0,"id":0,"matrix":[1,0,0,1,0,0]}]}]},{"type":4,"id":95,"commands":[3,5,1,16777215,1,8,20,0,7,29,0,7,356,0,7,380,0,4,388,0,394,6,7,400,20,7,394,34,7,380,40,7,356,40,7,29,40,7,20,40,4,12,40,6,34,4,0,28,0,20,4,0,12,6,6,4,12,0,20,0,5]},{"type":5,"className":"org.oyunstudyosu.sanalika.panels.inventory.Quantity","baseClassName":null,"id":94,"frames":[{"objects":[{"name":"lbl","type":0,"depth":1,"symbol":93,"clipDepth":0,"id":0,"matrix":[1,0,0,1,1062,-50]}]}]},{"selectable":false,"html":true,"password":false,"color":-586742009,"fontName":"Co Text Bold","rect":[-1062,-40,635,429],"text":"<p align=\"right\"><font face=\"Co Text Bold\" size=\"10\" color=\"#070707\" letterSpacing=\"0.80\" kerning=\"1\"><b>x40</b></font></p>","type":2,"border":false,"leftMargin":0,"fontID":37,"id":93,"wordWrap":false,"leading":0,"indent":0,"multiline":false,"align":"right","rightMargin":0,"fontHeight":200,"input":false},{"type":5,"id":92,"frames":[{}]},{"type":5,"className":"InventoryPanel_fla.SlotBg_4","baseClassName":null,"id":91,"frames":[{"scriptSource":"\nthis.stop();","label":"s0","objects":[{"name":null,"type":0,"depth":1,"symbol":88,"clipDepth":0,"id":1,"matrix":[1,0,0,1,0,0]}]},{"label":"s1","objects":[{"name":null,"type":0,"depth":1,"symbol":89,"clipDepth":0,"id":4,"matrix":[1,0,0,1,0,0]},{"type":2,"id":1}]},{"label":"s2","objects":[{"name":null,"type":0,"depth":2,"symbol":90,"clipDepth":0,"id":7,"matrix":[1,0,0,1,0,0]}]}]},{"type":4,"id":90,"commands":[3,5,1,16766287,1,8,120,0,7,840,0,4,960,0,960,120,7,960,840,4,960,960,840,960,7,120,960,4,0,960,0,840,7,0,120,4,0,0,120,0,5]},{"type":4,"id":89,"commands":[3,5,1,16775393,1,8,120,0,7,840,0,4,960,0,960,120,7,960,840,4,960,960,840,960,7,120,960,4,0,960,0,840,7,0,120,4,0,0,120,0,5]},{"type":4,"id":88,"commands":[3,5,1,15658734,0.498039215686275,8,120,0,7,840,0,4,960,0,960,120,7,960,840,4,960,960,840,960,7,120,960,4,0,960,0,840,7,0,120,4,0,0,120,0,5]},{"type":5,"id":87,"frames":[{"objects":[{"name":null,"type":0,"depth":2,"symbol":86,"clipDepth":0,"id":0,"matrix":[1,0,0,1,0,0]}]}]},{"type":4,"id":86,"commands":[3,5,1,10395294,1,8,270,50,7,309,79,7,332,107,4,346,130,352,156,7,356,194,4,356,261,309,309,4,261,357,194,357,7,167,355,4,131,349,103,329,7,79,309,7,46,265,7,38,245,4,30,221,30,194,4,30,126,79,79,4,126,31,194,31,7,197,31,7,219,33,7,236,37,7,270,50,5,3,5,1,12434877,1,8,46,265,7,38,245,4,30,221,30,194,4,30,126,79,79,4,126,31,194,31,7,197,31,7,219,33,7,236,37,7,270,50,4,83,112,46,265,5,1,7697781,1,8,332,107,4,346,130,352,156,7,356,194,4,356,261,309,309,4,261,357,194,357,7,167,355,4,131,349,103,329,4,306,279,332,107,5]},{"type":5,"id":85,"scale9Grid":[-200,-100,400,200],"frames":[{"objects":[{"name":null,"type":0,"depth":1,"symbol":84,"clipDepth":0,"id":0,"matrix":[1,0,0,1,0,0]}]}]},{"type":4,"id":84,"commands":[3,5,1,16448250,1,8,-280,-200,7,-201,-200,7,201,-200,7,280,-200,4,389,-200,399,-100,7,400,-80,7,400,80,7,399,102,4,389,200,280,200,7,201,200,7,-201,200,7,-280,200,4,-389,200,-399,102,7,-400,80,7,-400,-80,7,-399,-100,4,-389,-200,-280,-200,5]},{"type":5,"id":83,"scale9Grid":[2115,160,185,375],"frames":[{"objects":[{"name":null,"type":0,"depth":2,"symbol":82,"clipDepth":0,"id":0,"matrix":[1,0,0,1,0,0]}]}]},{"type":4,"id":82,"commands":[3,5,1,16761095,1,8,50,0,7,2114,0,7,2301,0,7,3705,0,4,3755,0,3755,50,7,3755,159,7,3755,536,7,3755,625,4,3755,675,3705,675,7,2301,675,7,2114,675,7,50,675,4,0,675,0,625,7,0,536,7,0,159,7,0,50,4,0,0,50,0,5,3,5,1,16752640,1,8,2693,74,7,3665,101,7,3663,159,7,3646,536,7,3642,627,4,3438,581,2916,566,7,2431,562,7,2445,536,7,2648,159,7,2693,74,5,1,16769154,1,8,967,54,7,1213,54,7,1121,159,4,980,325,828,536,7,759,631,7,598,638,7,661,536,4,808,296,897,159,7,967,54,8,1428,611,4,1067,615,886,623,7,967,536,4,1158,330,1331,159,7,1435,58,4,1501,54,1827,54,7,1847,58,7,1776,160,4,1641,354,1529,537,7,1485,608,7,1428,611,5]},{"type":5,"id":81,"scale9Grid":[493,480,5985,3576],"frames":[{"objects":[{"name":null,"type":0,"depth":1,"symbol":80,"clipDepth":0,"id":0,"matrix":[1,0,0,1,0,0]}]}]},{"type":4,"id":80,"commands":[3,5,1,15658734,1,8,220,40,7,492,40,7,6479,40,7,6920,40,4,7100,40,7100,220,7,7100,479,7,7100,4057,7,7100,4340,4,7100,4520,6920,4520,7,6479,4520,7,492,4520,7,220,4520,4,40,4520,40,4340,7,40,4057,7,40,479,7,40,220,4,40,40,220,40,5]},{"type":5,"className":"org.oyunstudyosu.sanalika.panels.inventory.DropArea","baseClassName":null,"id":79,"frames":[{"objects":[{"name":null,"type":0,"depth":1,"symbol":77,"clipDepth":0,"id":0,"matrix":[1,0,0,1,0,0]},{"name":"lbl_dropToOpen","type":0,"depth":2,"symbol":78,"clipDepth":0,"id":1,"matrix":[1,0,0,1,2130,135]}]}]},{"selectable":false,"html":true,"password":false,"color":-10066330,"fontName":"Co Text Bold","rect":[-1910,-15,4700,499],"text":"<p align=\"center\"></p>","type":2,"border":false,"leftMargin":0,"fontID":37,"id":78,"wordWrap":false,"leading":0,"indent":0,"multiline":false,"align":"center","rightMargin":0,"fontHeight":240,"input":false},{"type":4,"id":77,"commands":[3,5,1,15658734,1,8,0,10,7,5120,10,7,5120,530,4,5120,730,4919,730,7,200,730,4,0,730,0,530,7,0,10,5,6,2,4539717,1,false,2,1,2,3,8,0,10,7,5120,10,7,5120,530,4,5120,730,4919,730,7,200,730,4,0,730,0,530,7,0,10]},{"type":5,"className":"org.oyunstudyosu.sanalika.buttons.YellowButton","baseClassName":null,"id":76,"scale9Grid":[950,285,345,120],"frames":[{"objects":[{"name":null,"type":0,"depth":1,"symbol":71,"clipDepth":0,"id":0,"matrix":[1,0,0,1,0,0]},{"name":null,"type":0,"depth":3,"symbol":72,"clipDepth":0,"id":1,"matrix":[1,0,0,1,0,0]},{"name":"lbl_Button","type":0,"depth":4,"symbol":73,"clipDepth":0,"id":2,"matrix":[1,-1.52587890625e-05,-1.52587890625e-05,1,1384,40]}]},{"objects":[{"name":null,"type":0,"depth":2,"symbol":74,"clipDepth":0,"id":4,"matrix":[1,0,0,1,0,0]}]},{"objects":[{"name":null,"type":0,"depth":2,"symbol":75,"clipDepth":0,"id":7,"matrix":[1,0,0,1,0,0]},{"type":2,"id":4},{"type":2,"id":1}]}]},{"type":4,"id":75,"commands":[3,5,1,16752640,1,8,1565,141,4,1538,105,1401,98,7,1297,93,7,950,80,4,62,54,17,140,4,38,0,154,0,7,949,0,7,1296,0,7,1428,0,4,1541,0,1563,133,7,1565,139,7,1565,141,5,1,16766287,1,8,15,507,4,76,576,201,577,4,646,594,951,589,7,1299,572,4,1487,553,1565,516,7,1555,567,4,1523,660,1428,660,7,1296,660,7,949,660,7,154,660,4,59,660,27,567,7,15,507,5]},{"type":4,"id":74,"commands":[3,5,1,16777215,0.2,8,1564,520,4,1532,660,1360,660,7,1296,660,7,949,660,7,210,660,4,42,660,9,527,7,7,521,7,7,519,7,2,482,7,2,481,7,1,478,7,0,460,7,0,450,7,0,406,7,0,284,7,0,210,7,4,160,7,4,158,7,6,149,7,7,144,4,11,116,22,93,4,69,0,210,0,7,949,0,7,1296,0,7,1360,0,4,1501,0,1548,93,4,1561,120,1566,153,7,1567,155,7,1567,159,7,1570,210,7,1570,284,7,1570,406,7,1570,450,7,1570,460,7,1569,478,7,1567,501,7,1565,513,7,1566,512,7,1564,520,5]},{"selectable":false,"html":true,"password":false,"color":-587202560,"fontName":"Co Text Bold","rect":[-1384,-40,1455,499],"text":"<p align=\"center\"></p>","type":2,"border":false,"leftMargin":0,"fontID":37,"id":73,"wordWrap":false,"leading":0,"indent":0,"multiline":false,"align":"center","rightMargin":0,"fontHeight":240,"input":false},{"type":4,"id":72,"commands":[3,5,1,16766287,1,8,1484,100,4,1439,83,1379,83,7,1295,80,7,1091,74,7,950,71,4,193,60,15,144,7,25,93,4,57,0,152,0,7,949,0,7,1296,0,7,1426,0,4,1459,0,1484,11,7,1484,100,7,1484,11,4,1532,32,1553,93,7,1565,153,4,1533,117,1484,100,5,1,16752640,1,8,1484,649,4,1459,660,1426,660,7,1296,660,7,949,660,7,152,660,4,39,660,17,527,7,15,521,7,15,519,4,42,555,179,562,7,951,586,7,1091,586,7,1297,579,7,1484,557,7,1484,649,7,1484,557,4,1551,542,1563,520,4,1548,620,1484,649,5]},{"type":4,"id":71,"commands":[3,5,1,16761095,1,8,1484,633,4,1446,654,1391,659,7,1391,660,7,1296,660,7,949,660,7,210,660,4,42,660,9,527,7,7,521,7,7,519,7,2,482,7,2,481,7,1,478,7,0,460,7,0,450,7,0,406,7,0,284,7,0,210,7,4,160,7,4,158,7,6,149,7,7,144,4,11,116,22,93,4,69,0,210,0,7,949,0,7,1296,0,7,1391,0,7,1391,1,4,1446,6,1484,27,7,1484,284,7,1484,406,7,1484,633,7,1484,406,7,1484,284,7,1484,27,4,1526,50,1548,93,4,1561,120,1566,153,7,1567,155,7,1567,159,7,1570,210,7,1570,284,7,1570,406,7,1570,450,7,1570,460,7,1569,478,7,1567,501,7,1565,513,7,1566,512,7,1564,520,4,1546,599,1484,633,5]},{"hitState":{"type":5,"frames":[{"objects":[{"type":0,"depth":0,"symbol":55,"clipDepth":0,"id":0,"visible":true,"colorTransform":[20,20,20,20,0,0,0,0],"matrix":[1,0,0,1,-1,0]},{"type":0,"depth":1,"symbol":57,"clipDepth":0,"id":1,"visible":true,"colorTransform":[20,20,20,20,0,0,0,0],"matrix":[1,0,0,1,-79,318]},{"type":0,"depth":2,"symbol":59,"clipDepth":0,"id":2,"visible":true,"colorTransform":[20,20,20,20,0,0,0,0],"matrix":[1,0,0,1,159,256]},{"type":0,"depth":3,"symbol":61,"clipDepth":0,"id":3,"visible":true,"colorTransform":[20,20,20,20,0,0,0,0],"matrix":[1,0,0,1,-140,305]},{"type":0,"depth":4,"symbol":63,"clipDepth":0,"id":4,"visible":true,"colorTransform":[20,20,20,20,0,0,0,0],"matrix":[1,0,0,1,181,293]},{"type":0,"depth":5,"symbol":65,"clipDepth":0,"id":5,"visible":true,"colorTransform":[20,20,20,20,0,0,0,0],"matrix":[1,0,0,1,49,265]},{"type":0,"depth":6,"symbol":67,"clipDepth":0,"id":6,"visible":true,"colorTransform":[20,20,20,20,0,0,0,0],"matrix":[1,0,0,1,0,436]},{"type":0,"depth":7,"symbol":67,"clipDepth":0,"id":7,"visible":true,"colorTransform":[20,20,20,20,0,0,0,0],"matrix":[0.86602783203125,-0.499984741210938,0.499984741210938,0.86602783203125,43,304]},{"type":0,"depth":8,"symbol":68,"clipDepth":0,"id":8,"visible":true,"colorTransform":[20,20,20,20,0,0,0,0],"matrix":[1,0,0,1,-1,0]}]}]},"type":1,"className":"org.oyunstudyosu.sanalika.panels.inventory.CartButton","baseClassName":null,"upState":{"type":5,"frames":[{"objects":[{"type":0,"depth":0,"symbol":54,"clipDepth":0,"id":0,"visible":true,"colorTransform":[20,20,20,20,0,0,0,0],"matrix":[1,0,0,1,0,0]}]}]},"overState":{"type":5,"frames":[{"objects":[{"type":0,"depth":0,"symbol":69,"clipDepth":0,"id":0,"visible":true,"colorTransform":[20,20,20,20,0,0,0,0],"matrix":[1,0,0,1,0,0]}]}]},"id":70,"downState":{"type":5,"frames":[{"objects":[{"type":0,"depth":0,"symbol":69,"clipDepth":0,"id":0,"visible":true,"colorTransform":[20,20,20,20,0,0,0,0],"matrix":[1,0,0,1,-1,0]}]}]}},{"type":5,"id":69,"frames":[{"objects":[{"name":null,"type":0,"depth":1,"symbol":55,"clipDepth":0,"id":0,"matrix":[1,0,0,1,0,0]},{"name":null,"type":0,"depth":2,"symbol":57,"clipDepth":0,"id":1,"matrix":[1,0,0,1,-78,318]},{"name":null,"type":0,"depth":3,"symbol":59,"clipDepth":0,"id":2,"matrix":[1,0,0,1,160,256]},{"name":null,"type":0,"depth":4,"symbol":61,"clipDepth":0,"id":3,"matrix":[1,0,0,1,-139,305]},{"name":null,"type":0,"depth":5,"symbol":63,"clipDepth":0,"id":4,"matrix":[1,0,0,1,182,293]},{"name":null,"type":0,"depth":6,"symbol":65,"clipDepth":0,"id":5,"matrix":[1,0,0,1,50,265]},{"name":null,"type":0,"depth":7,"symbol":67,"clipDepth":0,"id":6,"matrix":[1,0,0,1,1,436]},{"name":null,"type":0,"depth":8,"symbol":67,"clipDepth":0,"id":7,"matrix":[0.86602783203125,-0.499984741210938,0.499984741210938,0.86602783203125,44,304]},{"name":null,"type":0,"depth":9,"symbol":68,"clipDepth":0,"id":8,"matrix":[1,0,0,1,0,0]}]}]},{"type":5,"id":68,"frames":[{"objects":[{"type":0,"depth":0,"symbol":52,"clipDepth":0,"id":0,"visible":true,"matrix":[1,0,0,1,-320,0]}]}]},{"type":5,"id":67,"frames":[{"objects":[{"type":0,"depth":0,"symbol":66,"clipDepth":0,"id":0,"visible":true,"matrix":[1,0,0,1,-70,-70]}]}]},{"path":"symbols/66.png","type":0,"id":66,"smooth":false},{"type":5,"id":65,"frames":[{"objects":[{"type":0,"depth":0,"symbol":64,"clipDepth":0,"id":0,"visible":true,"matrix":[1,0,0,1,-110,-110]}]}]},{"path":"symbols/64.png","type":0,"id":64,"smooth":false},{"type":5,"id":63,"frames":[{"objects":[{"type":0,"depth":0,"symbol":62,"clipDepth":0,"id":0,"visible":true,"matrix":[0.86602783203125,0.499984741210938,-0.499984741210938,0.86602783203125,-17,-91]}]}]},{"path":"symbols/62.png","type":0,"id":62,"smooth":false},{"type":5,"id":61,"frames":[{"objects":[{"type":0,"depth":0,"symbol":60,"clipDepth":0,"id":0,"visible":true,"matrix":[0.5,-0.866012573242188,0.866012573242188,0.5,-200,46]}]}]},{"path":"symbols/60.png","type":0,"id":60,"smooth":false},{"type":5,"id":59,"frames":[{"objects":[{"type":0,"depth":0,"symbol":58,"clipDepth":0,"id":0,"visible":true,"matrix":[1,0,0,1,-80,-60]}]}]},{"path":"symbols/58.png","type":0,"id":58,"smooth":false},{"type":5,"id":57,"frames":[{"objects":[{"type":0,"depth":0,"symbol":56,"clipDepth":0,"id":0,"visible":true,"matrix":[1,0,0,1,-40,-50]}]}]},{"path":"symbols/56.png","type":0,"id":56,"smooth":false},{"type":5,"id":55,"frames":[{"objects":[{"type":0,"depth":0,"symbol":53,"clipDepth":0,"id":0,"visible":true,"matrix":[1,0,0,1,-260,180]}]}]},{"type":5,"id":54,"frames":[{"objects":[{"type":0,"depth":0,"symbol":53,"clipDepth":0,"id":0,"visible":true,"matrix":[1,0,0,1,-260,180]},{"type":0,"depth":1,"symbol":52,"clipDepth":0,"id":1,"visible":true,"matrix":[1,0,0,1,-320,0]}]}]},{"path":"symbols/53.png","type":0,"id":53,"smooth":false},{"path":"symbols/52.png","type":0,"id":52,"smooth":false},{"type":5,"className":"org.oyunstudyosu.sanalika.panels.inventory.SorterButton","baseClassName":null,"id":51,"frames":[{"scriptSource":"\nthis.stop();","objects":[{"name":"sorter","type":0,"depth":1,"symbol":43,"clipDepth":0,"id":0,"matrix":[1,0,0,1,-1,442]}]},{"scriptSource":"\nthis.stop();","objects":[{"name":null,"type":0,"depth":1,"symbol":50,"clipDepth":0,"id":3,"matrix":[1,0,0,1,-8,400]},{"type":2,"id":0}]}]},{"hitState":{"type":5,"frames":[{"objects":[{"type":0,"depth":0,"symbol":45,"clipDepth":0,"id":0,"visible":true,"colorTransform":[20,20,20,20,0,0,0,0],"matrix":[1,0,0,1,0,4]},{"type":0,"depth":1,"symbol":47,"clipDepth":0,"id":1,"visible":true,"colorTransform":[20,20,20,20,0,0,0,0],"matrix":[0.577774047851563,0,0,0.577774047851563,8,4]},{"type":0,"depth":2,"symbol":49,"clipDepth":0,"id":2,"visible":true,"colorTransform":[20,20,20,20,0,0,0,0],"matrix":[1,0,0,1,-5,4]},{"type":0,"depth":3,"symbol":47,"clipDepth":0,"id":3,"visible":true,"colorTransform":[20,20,20,20,0,0,0,0],"matrix":[1,0,0,1,1,-7]}]}]},"type":1,"upState":{"type":5,"frames":[{"objects":[{"type":0,"depth":0,"symbol":45,"clipDepth":0,"id":0,"visible":true,"colorTransform":[20,20,20,20,0,0,0,0],"matrix":[1,0,0,1,0,0]},{"type":0,"depth":1,"symbol":47,"clipDepth":0,"id":1,"visible":true,"colorTransform":[20,20,20,20,0,0,0,0],"matrix":[0.577774047851563,0,0,0.577774047851563,0,0]},{"type":0,"depth":2,"symbol":49,"clipDepth":0,"id":2,"visible":true,"colorTransform":[20,20,20,20,0,0,0,0],"matrix":[1,0,0,1,0,0]},{"type":0,"depth":3,"symbol":47,"clipDepth":0,"id":3,"visible":true,"colorTransform":[20,20,20,20,0,0,0,0],"matrix":[1,0,0,1,0,0]}]}]},"overState":{"type":5,"frames":[{"objects":[{"type":0,"depth":0,"symbol":45,"clipDepth":0,"id":0,"visible":true,"colorTransform":[20,20,20,20,0,0,0,0],"matrix":[1,0,0,1,0,0]},{"type":0,"depth":1,"symbol":47,"clipDepth":0,"id":1,"visible":true,"colorTransform":[20,20,20,20,0,0,0,0],"matrix":[0.577774047851563,0,0,0.577774047851563,0,0]},{"type":0,"depth":2,"symbol":49,"clipDepth":0,"id":2,"visible":true,"colorTransform":[20,20,20,20,0,0,0,0],"matrix":[1,0,0,1,0,0]},{"type":0,"depth":3,"symbol":47,"clipDepth":0,"id":3,"visible":true,"colorTransform":[20,20,20,20,0,0,0,0],"matrix":[1,0,0,1,0,0]}]}]},"id":50,"downState":{"type":5,"frames":[{"objects":[{"type":0,"depth":0,"symbol":45,"clipDepth":0,"id":0,"visible":true,"colorTransform":[20,20,20,20,0,0,0,0],"matrix":[1,0,0,1,0,80]},{"type":0,"depth":1,"symbol":47,"clipDepth":0,"id":1,"visible":true,"colorTransform":[20,20,20,20,0,0,0,0],"matrix":[0.577774047851563,0,0,0.577774047851563,153,87]},{"type":0,"depth":2,"symbol":49,"clipDepth":0,"id":2,"visible":true,"colorTransform":[20,20,20,20,0,0,0,0],"matrix":[1,0,0,1,-101,83]},{"type":0,"depth":3,"symbol":47,"clipDepth":0,"id":3,"visible":true,"colorTransform":[20,20,20,20,0,0,0,0],"matrix":[1,0,0,1,23,-135]}]}]}},{"type":5,"id":49,"frames":[{"objects":[{"type":0,"depth":0,"symbol":48,"clipDepth":0,"id":0,"visible":true,"matrix":[1,0,0,1,-120,-120]}]}]},{"path":"symbols/48.png","type":0,"id":48},{"type":5,"id":47,"frames":[{"objects":[{"type":0,"depth":0,"symbol":46,"clipDepth":0,"id":0,"visible":true,"matrix":[1,0,0,1,-100,-90]}]}]},{"path":"symbols/46.png","type":0,"id":46},{"type":5,"id":45,"frames":[{"objects":[{"type":0,"depth":0,"symbol":44,"clipDepth":0,"id":0,"visible":true,"matrix":[1,0,0,1,-400,-480]}]}]},{"path":"symbols/44.png","type":0,"id":44,"smooth":false},{"hitState":{"type":5,"frames":[{"objects":[{"type":0,"depth":0,"symbol":42,"clipDepth":0,"id":0,"visible":true,"colorTransform":[20,20,20,20,0,0,0,0],"matrix":[0.999984741210938,0,0,0.999984741210938,0,0]}]}]},"type":1,"upState":{"type":5,"frames":[{"objects":[{"type":0,"depth":0,"symbol":42,"clipDepth":0,"id":0,"visible":true,"colorTransform":[20,20,20,20,0,0,0,0],"matrix":[0.999984741210938,0,0,0.999984741210938,3,-13]}]}]},"overState":{"type":5,"frames":[{"objects":[{"type":0,"depth":0,"symbol":42,"clipDepth":0,"id":0,"visible":true,"colorTransform":[20,20,20,20,0,0,0,0],"matrix":[0.999984741210938,0,0,0.999984741210938,0,0]}]}]},"id":43,"downState":{"type":5,"frames":[{"objects":[{"type":0,"depth":0,"symbol":42,"clipDepth":0,"id":0,"visible":true,"colorTransform":[20,20,20,20,0,0,0,0],"matrix":[0.999984741210938,0,0,0.999984741210938,-4,-5]}]}]}},{"type":5,"id":42,"frames":[{"objects":[{"type":0,"depth":0,"symbol":41,"clipDepth":0,"id":0,"visible":true,"matrix":[1,0,0,1,-412,-429]},{"type":0,"depth":1,"symbol":40,"clipDepth":0,"id":1,"visible":true,"matrix":[1,0,0,1,-164,-228]}]}]},{"path":"symbols/41.png","type":0,"id":41,"smooth":false},{"path":"symbols/40.png","type":0,"id":40},{"type":5,"className":"org.oyunstudyosu.sanalika.panels.inventory.TooltipTextField","baseClassName":null,"id":39,"frames":[{"objects":[{"name":"txt","type":0,"depth":1,"symbol":38,"clipDepth":0,"id":0,"matrix":[1,0,0,1,4,-38]}]}]},{"selectable":false,"password":false,"color":-13882324,"fontName":"Co Text Bold","rect":[-4,-2,1079,429],"type":2,"border":false,"leftMargin":0,"fontID":37,"id":38,"wordWrap":true,"leading":0,"indent":0,"multiline":true,"align":"left","rightMargin":0,"fontHeight":200,"input":false},{"type":5,"className":"org.oyunstudyosu.sanalika.panels.inventory.VipCardContainer","baseClassName":null,"id":36,"frames":[{"objects":[{"name":"background","type":0,"depth":1,"symbol":34,"clipDepth":0,"id":0,"colorTransform":[20,20,20,16,0,0,0,0],"matrix":[0.7066650390625,0,0,0.958328247070313,0,200]},{"name":"holder","type":0,"depth":3,"symbol":35,"clipDepth":0,"id":1,"matrix":[1,0,0,1,0,0]}]}]},{"type":5,"id":35,"frames":[{}]},{"type":5,"id":34,"frames":[{"objects":[{"name":null,"type":0,"depth":1,"symbol":33,"clipDepth":0,"id":0,"matrix":[1,0,0,1,0,0]}]}]},{"type":4,"id":33,"commands":[3,5,1,15658734,1,8,200,0,7,1800,0,7,1800,4600,7,200,4600,4,0,4600,0,4400,7,0,200,4,0,0,200,0,5,6,2,4342338,1,false,2,1,2,3,8,200,0,7,1800,0,7,1800,4600,7,200,4600,4,0,4600,0,4400,7,0,200,4,0,0,200,0]},{"type":5,"className":"org.oyunstudyosu.sanalika.panels.inventory.VipCardView","baseClassName":null,"id":32,"frames":[{"scriptSource":"\nthis.stop();","label":"CARD_SILVER","objects":[{"name":null,"type":0,"depth":1,"symbol":3,"clipDepth":0,"id":1,"matrix":[0.625,0,0,0.625,0,0]}]},{"label":"CARD_GOLD","objects":[{"name":null,"type":0,"depth":1,"symbol":6,"clipDepth":0,"id":5,"matrix":[0.625,0,0,0.625,0,0]},{"type":2,"id":1}]},{"label":"CARD_DIAMOND","objects":[{"name":null,"type":0,"depth":1,"symbol":10,"clipDepth":0,"id":9,"matrix":[0.625,0,0,0.625,0,0]},{"type":2,"id":5}]},{"label":"CARD_DIAMOND_CLUB","objects":[{"name":null,"type":0,"depth":1,"symbol":13,"clipDepth":0,"id":13,"matrix":[0.624679565429688,0,0,0.624679565429688,0,0]},{"type":2,"id":9}]},{"label":"CARD_JOURNALIST","objects":[{"name":null,"type":0,"depth":1,"symbol":15,"clipDepth":0,"id":17,"matrix":[1,0,0,1,0,0]},{"type":2,"id":13}]},{"label":"CARD_PHOTOGRAPHER","objects":[{"name":null,"type":0,"depth":1,"symbol":17,"clipDepth":0,"id":20,"matrix":[1,0,0,1,0,0]},{"type":2,"id":17}]},{"label":"CARD_PAINTER","objects":[{"name":null,"type":0,"depth":1,"symbol":19,"clipDepth":0,"id":23,"matrix":[1,0,0,1,0,0]},{"type":2,"id":20}]},{"label":"CARD_DIRECTOR","objects":[{"name":null,"type":0,"depth":1,"symbol":21,"clipDepth":0,"id":26,"matrix":[1,0,0,1,0,0]},{"type":2,"id":23}]},{"label":"CARD_SECURITY","objects":[{"name":null,"type":0,"depth":1,"symbol":23,"clipDepth":0,"id":29,"matrix":[1,0,0,1,0,0]},{"type":2,"id":26}]},{"label":"CARD_MODERATOR","objects":[{"name":null,"type":0,"depth":1,"symbol":25,"clipDepth":0,"id":32,"matrix":[1,0,0,1,0,0]},{"type":2,"id":29}]},{"label":"CARD_ACTOR","objects":[{"name":null,"type":0,"depth":1,"symbol":27,"clipDepth":0,"id":35,"matrix":[1,0,0,1,0,0]},{"type":2,"id":32}]},{"label":"CARD_GUIDE","objects":[{"name":null,"type":0,"depth":1,"symbol":29,"clipDepth":0,"id":38,"matrix":[1,0,0,1,0,0]},{"type":2,"id":35}]},{"label":"CARD_SANALIKAX","objects":[{"name":null,"type":0,"depth":1,"symbol":31,"clipDepth":0,"id":41,"matrix":[1,0,0,1,0,0]},{"type":2,"id":38}]}]},{"type":5,"id":31,"frames":[{"objects":[{"type":0,"depth":0,"symbol":30,"clipDepth":0,"id":0,"visible":true,"matrix":[0.597015380859375,0,0,0.597015380859375,0,0]}]}]},{"path":"symbols/30.png","type":0,"id":30},{"type":5,"id":29,"frames":[{"objects":[{"type":0,"depth":0,"symbol":28,"clipDepth":0,"id":0,"visible":true,"matrix":[0.800003051757813,0,0,0.816329956054688,0,0]}]}]},{"path":"symbols/28.png","type":0,"id":28,"smooth":false},{"type":5,"id":27,"frames":[{"objects":[{"type":0,"depth":0,"symbol":26,"clipDepth":0,"id":0,"visible":true,"matrix":[0.999496459960938,0,0,0.999496459960938,0,0]}]}]},{"path":"symbols/26.png","type":0,"id":26},{"type":5,"id":25,"frames":[{"objects":[{"type":0,"depth":0,"symbol":24,"clipDepth":0,"id":0,"visible":true,"matrix":[0.624679565429688,0,0,0.624679565429688,0,0]}]}]},{"path":"symbols/24.png","type":0,"id":24},{"type":5,"id":23,"frames":[{"objects":[{"type":0,"depth":0,"symbol":22,"clipDepth":0,"id":0,"visible":true,"matrix":[0.624679565429688,0,0,0.624679565429688,0,0]}]}]},{"path":"symbols/22.png","type":0,"id":22},{"type":5,"id":21,"frames":[{"objects":[{"type":0,"depth":0,"symbol":20,"clipDepth":0,"id":0,"visible":true,"matrix":[0.624679565429688,0,0,0.624679565429688,0,0]}]}]},{"path":"symbols/20.png","type":0,"id":20},{"type":5,"id":19,"frames":[{"objects":[{"type":0,"depth":0,"symbol":18,"clipDepth":0,"id":0,"visible":true,"matrix":[0.624679565429688,0,0,0.624679565429688,0,0]}]}]},{"path":"symbols/18.png","type":0,"id":18},{"type":5,"id":17,"frames":[{"objects":[{"type":0,"depth":0,"symbol":16,"clipDepth":0,"id":0,"visible":true,"matrix":[0.625,0,0,0.625,0,0]}]}]},{"path":"symbols/16.png","type":0,"id":16},{"type":5,"id":15,"frames":[{"objects":[{"type":0,"depth":0,"symbol":14,"clipDepth":0,"id":0,"visible":true,"matrix":[0.624679565429688,0,0,0.624679565429688,0,0]}]}]},{"path":"symbols/14.png","type":0,"id":14},{"type":5,"id":13,"frames":[{"objects":[{"name":null,"type":0,"depth":1,"symbol":12,"clipDepth":0,"id":0,"matrix":[1,0,0,1,0,0]}]}]},{"type":5,"id":12,"frames":[{"objects":[{"type":0,"depth":0,"symbol":11,"clipDepth":0,"id":0,"visible":true,"matrix":[1,0,0,1,0,0]}]}]},{"path":"symbols/11.png","type":0,"id":11},{"type":5,"id":10,"frames":[{"objects":[{"name":null,"type":0,"depth":2,"symbol":9,"clipDepth":0,"id":0,"matrix":[1,0,0,1,0,0]}]}]},{"type":5,"id":9,"frames":[{"objects":[{"type":0,"depth":0,"symbol":8,"clipDepth":0,"id":0,"visible":true,"matrix":[0.625,0,0,0.625,0,0]},{"type":0,"depth":1,"symbol":7,"clipDepth":0,"id":1,"visible":true,"matrix":[1,0,0,1,0,0]}]}]},{"path":"symbols/8.png","type":0,"id":8},{"type":5,"className":"org.oyunstudyosu.sanalika.panels.inventory.InventoryPanel","baseClassName":null,"id":119,"frames":[{"objects":[{"name":"dropArea","type":0,"depth":1,"symbol":79,"clipDepth":0,"id":0,"matrix":[1,0,0,0.964752197265625,130,3330]},{"name":"background","type":0,"depth":4,"symbol":81,"clipDepth":0,"id":1,"filters":[[2,2,89.9993809572637,0,1,0,0,0.5,1,false,false,false]],"colorTransform":[20,20,20,17,0,0,0,0],"matrix":[0.760528564453125,0,0,1.07461547851563,10,200]},{"name":null,"type":0,"depth":6,"symbol":83,"clipDepth":0,"id":2,"filters":[[2,2,89.9993809572637,0,1,0,0,0.5,1,false,false,false]],"matrix":[1.44863891601563,0,0,1.01885986328125,0,14]},{"name":"quantityBg","type":0,"depth":9,"symbol":85,"clipDepth":0,"id":3,"filters":[[2,2,89.9993809572637,0,1,0,0,0.5,1,false,false,false]],"matrix":[1.34011840820313,0,0,1.251953125,1141,4540]},{"name":null,"type":0,"depth":11,"symbol":87,"clipDepth":0,"id":4,"filters":[[2,2,89.9993809572637,0,1,0,0,0.5,1,false,false,false]],"matrix":[1,0,0,1,147,166]},{"name":"s0","type":0,"depth":14,"symbol":97,"clipDepth":0,"id":5,"matrix":[1.00042724609375,0,0,1.00039672851563,170,900]},{"name":"s1","type":0,"depth":25,"symbol":97,"clipDepth":0,"id":6,"matrix":[1.00030517578125,0,0,1.00027465820313,1210,899]},{"name":"s2","type":0,"depth":36,"symbol":97,"clipDepth":0,"id":7,"matrix":[1.00030517578125,0,0,1.00027465820313,2250,900]},{"name":"s3","type":0,"depth":47,"symbol":97,"clipDepth":0,"id":8,"matrix":[1.00030517578125,0,0,1.00027465820313,3290,900]},{"name":"s4","type":0,"depth":58,"symbol":97,"clipDepth":0,"id":9,"matrix":[1.00030517578125,0,0,1.00027465820313,4330,900]},{"name":"s5","type":0,"depth":69,"symbol":97,"clipDepth":0,"id":10,"matrix":[1.00030517578125,0,0,1.00027465820313,170,1940]},{"name":"s6","type":0,"depth":80,"symbol":97,"clipDepth":0,"id":11,"matrix":[1.00030517578125,0,0,1.00027465820313,1210,1940]},{"name":"s7","type":0,"depth":91,"symbol":97,"clipDepth":0,"id":12,"matrix":[1.00030517578125,0,0,1.00027465820313,2250,1940]},{"name":"s8","type":0,"depth":102,"symbol":97,"clipDepth":0,"id":13,"matrix":[1.00030517578125,0,0,1.00027465820313,3290,1940]},{"name":"s9","type":0,"depth":113,"symbol":97,"clipDepth":0,"id":14,"matrix":[1.00030517578125,0,0,1.00027465820313,4330,1940]},{"name":"s10","type":0,"depth":124,"symbol":97,"clipDepth":0,"id":15,"matrix":[1.00030517578125,0,0,1.00027465820313,170,2980]},{"name":"s11","type":0,"depth":135,"symbol":97,"clipDepth":0,"id":16,"matrix":[1.00030517578125,0,0,1.00027465820313,1210,2980]},{"name":"btnPrevious","type":0,"depth":146,"symbol":102,"clipDepth":0,"id":17,"matrix":[0.599990844726563,0,0,-0.599990844726563,403,4541]},{"name":"btnNext","type":0,"depth":150,"symbol":102,"clipDepth":0,"id":18,"matrix":[-0.599990844726563,0,0,-0.599990844726563,1880,4542]},{"name":"s12","type":0,"depth":154,"symbol":97,"clipDepth":0,"id":19,"matrix":[1.00030517578125,0,0,1.00027465820313,2250,2980]},{"name":"s13","type":0,"depth":165,"symbol":97,"clipDepth":0,"id":20,"matrix":[1.00030517578125,0,0,1.00027465820313,3290,2980]},{"name":"s14","type":0,"depth":176,"symbol":97,"clipDepth":0,"id":21,"matrix":[1.00030517578125,0,0,1.00027465820313,4330,2980]},{"name":"btnHoldoff","type":0,"depth":187,"symbol":76,"clipDepth":0,"id":22,"matrix":[1,0,0,1,3746,4200]},{"name":"lblPage","type":0,"depth":192,"symbol":103,"clipDepth":0,"id":23,"matrix":[1,0,0,1,620,4260]},{"name":"txtHeader","type":0,"depth":193,"symbol":104,"clipDepth":0,"id":24,"matrix":[1,0,0,1,1808,20]},{"name":"mcDragger","type":0,"depth":194,"symbol":106,"clipDepth":0,"id":25,"colorTransform":[20,20,20,0,0,0,0,0],"matrix":[0.423614501953125,0,0,0.890106201171875,0,1]},{"name":"btnFarm","type":0,"depth":196,"symbol":70,"clipDepth":0,"id":26,"filters":[[2,2,89.9993809572637,0,1,0,0,0.5,1,false,false,false]],"matrix":[1,0,0,1,2505,4223]},{"name":"sorter","type":0,"depth":206,"symbol":109,"clipDepth":0,"id":27,"matrix":[1,0,0,1,3060,4290]},{"name":"btnClose","type":0,"depth":208,"symbol":115,"clipDepth":0,"id":28,"filters":[[2,2,89.9993809572637,0,1,0,0,0.5,1,false,false,false]],"matrix":[1,0,0,1,5088,360]},{"name":"btnSpecial","type":0,"depth":213,"symbol":118,"clipDepth":0,"id":29,"matrix":[1,0,0,1,3346,4307]}]}]},{"path":"symbols/7.png","type":0,"id":7,"smooth":false},{"hitState":{"type":5,"frames":[{"objects":[{"type":0,"depth":0,"symbol":116,"clipDepth":0,"id":0,"visible":true,"colorTransform":[20,20,20,20,0,0,0,0],"matrix":[1,0,0,1,0,0]}]}]},"type":1,"className":"org.oyunstudyosu.sanalika.panels.inventory.SpecialButton","baseClassName":null,"upState":{"type":5,"frames":[{"objects":[{"type":0,"depth":0,"symbol":116,"clipDepth":0,"id":0,"visible":true,"colorTransform":[20,20,20,20,0,0,0,0],"matrix":[1,0,0,1,0,0]},{"type":0,"depth":1,"symbol":117,"clipDepth":0,"id":1,"visible":true,"colorTransform":[20,20,20,20,0,0,0,0],"matrix":[1,0,0,1,0,0]}]}]},"overState":{"type":5,"frames":[{"objects":[{"type":0,"depth":0,"symbol":116,"clipDepth":0,"id":0,"visible":true,"colorTransform":[20,20,20,20,0,0,0,0],"matrix":[1,0,0,1,0,0]},{"type":0,"depth":1,"symbol":117,"clipDepth":0,"id":1,"visible":true,"colorTransform":[20,20,20,20,0,0,0,0],"matrix":[1,0,0,1,0,0]}]}]},"id":118,"downState":{"type":5,"frames":[{"objects":[{"type":0,"depth":0,"symbol":116,"clipDepth":0,"id":0,"visible":true,"colorTransform":[20,20,20,20,0,0,0,0],"matrix":[1,0,0,1,0,0]},{"type":0,"depth":1,"symbol":117,"clipDepth":0,"id":1,"visible":true,"colorTransform":[20,20,20,20,0,0,0,0],"matrix":[1,0,0,1,0,0]}]}]}},{"type":5,"id":6,"frames":[{"objects":[{"name":null,"type":0,"depth":1,"symbol":5,"clipDepth":0,"id":0,"matrix":[1,0,0,1,0,0]}]}]},{"type":4,"id":117,"commands":[3,5,1,16750848,1,8,191,140,7,204,144,7,208,155,7,206,165,7,204,171,7,150,171,7,150,305,7,115,305,7,115,171,7,77,171,7,64,167,4,61,163,61,156,7,62,146,7,65,140,7,191,140,5]},{"type":5,"id":5,"frames":[{"objects":[{"type":0,"depth":0,"symbol":4,"clipDepth":0,"id":0,"visible":true,"matrix":[1,0,0,1,0,0]}]}]},{"type":4,"id":116,"commands":[3,5,1,16766287,1,8,276,80,7,0,80,7,0,0,7,276,0,7,276,80,5,1,16761095,1,8,0,371,7,0,80,7,276,80,7,276,371,7,0,371,5,1,16752640,1,8,0,371,7,276,371,7,276,450,7,0,450,7,0,371,5]},{"path":"symbols/4.jpg","type":0,"id":4,"alpha":"symbols/4a.png"},{"type":5,"className":"com.oyunstudyosu.components.CloseButton","baseClassName":null,"id":115,"frames":[{"objects":[{"name":null,"type":0,"depth":1,"symbol":110,"clipDepth":0,"id":0,"matrix":[1,0,0,1,0,0]},{"name":null,"type":0,"depth":2,"symbol":111,"clipDepth":0,"id":1,"matrix":[1,0,0,1,0,0]},{"name":null,"type":0,"depth":4,"symbol":112,"clipDepth":0,"id":2,"matrix":[1,0,0,1,0,0]}]},{"objects":[{"name":null,"type":0,"depth":3,"symbol":113,"clipDepth":0,"id":4,"matrix":[1,0,0,1,0,0]}]},{"objects":[{"name":null,"type":0,"depth":2,"symbol":114,"clipDepth":0,"id":7,"matrix":[1,0,0,1,0,0]},{"type":2,"id":4},{"type":2,"id":1}]}]},{"type":5,"id":3,"frames":[{"objects":[{"name":null,"type":0,"depth":1,"symbol":2,"clipDepth":0,"id":0,"matrix":[1,0,0,1,0,0]}]}]},{"type":4,"id":114,"commands":[3,5,1,13840175,1,8,90,-135,7,114,-115,7,147,-71,4,110,82,-77,144,7,-116,115,7,-139,87,4,-113,-85,90,-135,5,1,12986408,1,8,-139,87,4,-153,64,-159,38,7,-163,0,4,-163,-67,-116,-115,4,-68,-163,-1,-163,7,26,-161,4,62,-155,90,-135,4,-113,-85,-139,87,5,1,15022389,1,8,147,-71,7,155,-51,4,163,-27,163,0,4,163,68,114,115,4,67,163,-1,163,7,-4,163,7,-26,161,7,-43,157,7,-77,144,4,110,82,147,-71,5]},{"type":5,"id":2,"frames":[{"objects":[{"type":0,"depth":0,"symbol":1,"clipDepth":0,"id":0,"visible":true,"matrix":[1,0,0,1,0,0]}]}]},{"type":4,"id":113,"commands":[3,5,1,16777215,0.2,8,77,-144,7,116,-115,7,139,-87,4,153,-64,159,-38,7,163,0,4,163,67,116,115,4,68,163,1,163,7,-26,161,4,-62,155,-90,135,7,-114,115,7,-147,71,7,-155,51,4,-163,27,-163,0,4,-163,-68,-114,-115,4,-67,-163,1,-163,7,4,-163,7,26,-161,7,43,-157,7,77,-144,5]},{"path":"symbols/1.jpg","type":0,"id":1,"alpha":"symbols/1a.png"},{"type":4,"id":112,"commands":[3,5,1,15658734,1,8,42,7,7,86,52,7,98,70,7,86,87,7,69,98,4,62,97,52,87,7,8,43,4,5,40,1,40,7,-6,43,7,-51,87,7,-68,98,7,-85,87,7,-97,70,7,-85,52,7,-86,52,7,-41,7,7,-38,0,7,-41,-7,7,-86,-51,7,-85,-51,7,-97,-69,7,-85,-87,7,-68,-98,7,-51,-87,7,-6,-42,7,1,-39,4,5,-39,8,-42,7,52,-87,4,62,-97,69,-98,7,86,-87,7,98,-69,7,86,-51,7,42,-7,7,39,0,7,42,7,5]}],"frameRate":24}