{"name":null,"assets":[{"path":"symbols/53.png","type":"IMAGE"},{"path":"symbols/56.png","type":"IMAGE"},{"path":"symbols/58.png","type":"IMAGE"},{"path":"symbols/60.png","type":"IMAGE"},{"path":"symbols/62.png","type":"IMAGE"},{"path":"symbols/64.png","type":"IMAGE"},{"path":"symbols/66.png","type":"IMAGE"},{"path":"symbols/52.png","type":"IMAGE"},{"path":"symbols/107.png","type":"IMAGE"},{"path":"symbols/41.png","type":"IMAGE"},{"path":"symbols/40.png","type":"IMAGE"},{"path":"symbols/44.png","type":"IMAGE"},{"path":"symbols/46.png","type":"IMAGE"},{"path":"symbols/48.png","type":"IMAGE"},{"path":"symbols/1.jpg","type":"IMAGE"},{"path":"symbols/1a.png","type":"IMAGE"},{"path":"symbols/4.jpg","type":"IMAGE"},{"path":"symbols/4a.png","type":"IMAGE"},{"path":"symbols/8.png","type":"IMAGE"},{"path":"symbols/7.png","type":"IMAGE"},{"path":"symbols/11.png","type":"IMAGE"},{"path":"symbols/14.png","type":"IMAGE"},{"path":"symbols/16.png","type":"IMAGE"},{"path":"symbols/18.png","type":"IMAGE"},{"path":"symbols/20.png","type":"IMAGE"},{"path":"symbols/22.png","type":"IMAGE"},{"path":"symbols/24.png","type":"IMAGE"},{"path":"symbols/26.png","type":"IMAGE"},{"path":"symbols/28.png","type":"IMAGE"},{"path":"symbols/30.png","type":"IMAGE"},{"path":"data.json","type":"TEXT"}],"rootPath":null,"version":3,"libraryArgs":["data.json","5H1o5ZyyrYwZXGI92jXu"],"libraryType":"swf.exporters.animate.AnimateLibrary"}