{"root":0,"uuid":"pQZu226XCXOvpIyZKeIH","version":0.1,"symbols":[{"type":5,"frames":[{}]},{"path":"symbols/111.png","type":0,"id":111},{"hitState":{"type":5,"frames":[{"objects":[{"type":0,"depth":0,"symbol":102,"clipDepth":0,"id":0,"visible":true,"colorTransform":[20,20,20,20,0,0,0,0],"matrix":[1,0,0,1,0,0]},{"type":0,"depth":1,"symbol":107,"clipDepth":0,"id":1,"visible":true,"colorTransform":[20,20,20,20,0,0,0,0],"matrix":[0.619369506835938,-0.160995483398438,0.160995483398438,0.619369506835938,24,23]},{"type":0,"depth":2,"symbol":109,"clipDepth":0,"id":2,"visible":true,"colorTransform":[20,20,20,20,0,0,0,0],"matrix":[1,0,0,1,0,0]}]}]},"type":1,"upState":{"type":5,"frames":[{"objects":[{"type":0,"depth":0,"symbol":102,"clipDepth":0,"id":0,"visible":true,"colorTransform":[20,20,20,20,0,0,0,0],"matrix":[1,0,0,1,0,0]},{"type":0,"depth":1,"symbol":107,"clipDepth":0,"id":1,"visible":true,"colorTransform":[20,20,20,20,0,0,0,0],"matrix":[0.619369506835938,-0.160995483398438,0.160995483398438,0.619369506835938,0,0]},{"type":0,"depth":2,"symbol":109,"clipDepth":0,"id":2,"visible":true,"colorTransform":[20,20,20,20,0,0,0,0],"matrix":[1,0,0,1,0,0]}]}]},"overState":{"type":5,"frames":[{"objects":[{"type":0,"depth":0,"symbol":102,"clipDepth":0,"id":0,"visible":true,"colorTransform":[20,20,20,20,0,0,0,0],"matrix":[1,0,0,1,0,0]},{"type":0,"depth":1,"symbol":107,"clipDepth":0,"id":1,"visible":true,"colorTransform":[20,20,20,20,0,0,0,0],"matrix":[0.619369506835938,-0.160995483398438,0.160995483398438,0.619369506835938,1,1]},{"type":0,"depth":2,"symbol":109,"clipDepth":0,"id":2,"visible":true,"colorTransform":[20,20,20,20,0,0,0,0],"matrix":[1,0,0,1,0,0]}]}]},"id":110,"downState":{"type":5,"frames":[{"objects":[{"type":0,"depth":0,"symbol":102,"clipDepth":0,"id":0,"visible":true,"colorTransform":[20,20,20,20,0,0,0,0],"matrix":[1,0,0,1,0,0]},{"type":0,"depth":1,"symbol":107,"clipDepth":0,"id":1,"visible":true,"colorTransform":[20,20,20,20,0,0,0,0],"matrix":[0.619369506835938,-0.160995483398438,0.160995483398438,0.619369506835938,484,456]},{"type":0,"depth":2,"symbol":109,"clipDepth":0,"id":2,"visible":true,"colorTransform":[20,20,20,20,0,0,0,0],"matrix":[1,0,0,1,0,0]}]}]}},{"type":5,"id":109,"frames":[{"objects":[{"type":0,"depth":0,"symbol":108,"clipDepth":0,"id":0,"visible":true,"matrix":[0.6181640625,-0.165618896484375,0.165618896484375,0.6181640625,426,191]}]}]},{"path":"symbols/108.png","type":0,"id":108},{"type":5,"id":107,"frames":[{"objects":[{"type":0,"depth":0,"symbol":106,"clipDepth":0,"id":0,"visible":true,"matrix":[1,0,0,1,-510,-380]}]}]},{"path":"symbols/106.png","type":0,"id":106},{"hitState":{"type":5,"frames":[{"objects":[{"type":0,"depth":0,"symbol":102,"clipDepth":0,"id":0,"visible":true,"colorTransform":[20,20,20,20,0,0,0,0],"matrix":[1,0,0,1,0,0]},{"type":0,"depth":1,"symbol":104,"clipDepth":0,"id":1,"visible":true,"colorTransform":[20,20,20,20,0,0,0,0],"matrix":[0.746917724609375,0.283981323242188,-0.283981323242188,0.746917724609375,24,25]}]}]},"type":1,"upState":{"type":5,"frames":[{"objects":[{"type":0,"depth":0,"symbol":102,"clipDepth":0,"id":0,"visible":true,"colorTransform":[20,20,20,20,0,0,0,0],"matrix":[1,0,0,1,0,0]},{"type":0,"depth":1,"symbol":104,"clipDepth":0,"id":1,"visible":true,"colorTransform":[20,20,20,20,0,0,0,0],"matrix":[0.746917724609375,0.283981323242188,-0.283981323242188,0.746917724609375,0,0]}]}]},"overState":{"type":5,"frames":[{"objects":[{"type":0,"depth":0,"symbol":102,"clipDepth":0,"id":0,"visible":true,"colorTransform":[20,20,20,20,0,0,0,0],"matrix":[1,0,0,1,0,0]},{"type":0,"depth":1,"symbol":104,"clipDepth":0,"id":1,"visible":true,"colorTransform":[20,20,20,20,0,0,0,0],"matrix":[0.746917724609375,0.283981323242188,-0.283981323242188,0.746917724609375,1,1]}]}]},"id":105,"downState":{"type":5,"frames":[{"objects":[{"type":0,"depth":0,"symbol":102,"clipDepth":0,"id":0,"visible":true,"colorTransform":[20,20,20,20,0,0,0,0],"matrix":[1,0,0,1,0,0]},{"type":0,"depth":1,"symbol":104,"clipDepth":0,"id":1,"visible":true,"colorTransform":[20,20,20,20,0,0,0,0],"matrix":[0.746917724609375,0.283981323242188,-0.283981323242188,0.746917724609375,474,491]}]}]}},{"type":5,"id":104,"frames":[{"objects":[{"type":0,"depth":0,"symbol":103,"clipDepth":0,"id":0,"visible":true,"matrix":[1,0,0,1,-510,-380]}]}]},{"path":"symbols/103.png","type":0,"id":103},{"type":4,"id":102,"commands":[3,5,1,13158,0,8,0,0,7,900,0,7,900,760,7,0,760,7,0,0,5]},{"type":5,"id":101,"frames":[{"objects":[{"name":null,"type":0,"depth":3,"symbol":100,"clipDepth":0,"id":0,"matrix":[1,0,0,1,0,0]}]},{},{},{}]},{"type":4,"id":100,"commands":[3,5,1,13158,0,8,0,0,7,900,0,7,900,760,7,0,760,7,0,0,5,3,5,0,99,[0.79998779296875,0,0,0.79998779296875,20,0],false,true,8,20,0,7,868,0,7,868,752,7,20,752,7,20,0,5,3,5,0,98,[0.79998779296875,0,0,0.79998779296875,200,140],false,true,8,200,140,7,680,140,7,680,556,7,200,556,7,200,140,5]},{"path":"symbols/99.png","type":0,"id":99},{"path":"symbols/98.png","type":0,"id":98},{"hitState":{"type":5,"frames":[{"objects":[{"type":0,"depth":0,"symbol":96,"clipDepth":0,"id":0,"visible":true,"colorTransform":[20,20,20,20,0,0,0,0],"matrix":[1,0,0,1,0,0]}]}]},"type":1,"upState":{"type":5,"frames":[{"objects":[{"type":0,"depth":0,"symbol":96,"clipDepth":0,"id":0,"visible":true,"colorTransform":[20,20,20,20,0,0,0,0],"matrix":[1,0,0,1,0,0]}]}]},"overState":{"type":5,"frames":[{"objects":[{"type":0,"depth":0,"symbol":96,"clipDepth":0,"id":0,"visible":true,"colorTransform":[20,20,20,20,0,0,0,0],"matrix":[1,0,0,1,0,0]}]}]},"id":97,"downState":{"type":5,"frames":[{"objects":[{"type":0,"depth":0,"symbol":96,"clipDepth":0,"id":0,"visible":true,"colorTransform":[20,20,20,20,0,0,0,0],"matrix":[1,0,0,1,0,0]}]}]}},{"type":4,"id":96,"commands":[3,5,1,16777215,0,8,0,0,7,900,0,7,900,760,7,0,760,7,0,0,5,3,5,0,95,[0.79998779296875,0,0,0.79998779296875,0,40],false,true,8,0,40,7,544,40,7,544,568,7,0,568,7,0,40,5,3,5,0,94,[0.79998779296875,0,0,0.79998779296875,360,80],false,true,8,360,80,7,952,80,7,952,608,7,360,608,7,360,80,5,3,5,0,93,[0.79998779296875,0,0,0.79998779296875,520,340],false,true,8,520,340,7,1032,340,7,1032,820,7,520,820,7,520,340,5]},{"path":"symbols/95.png","type":0,"id":95},{"path":"symbols/94.png","type":0,"id":94},{"path":"symbols/93.png","type":0,"id":93},{"hitState":{"type":5,"frames":[{"objects":[{"type":0,"depth":0,"symbol":91,"clipDepth":0,"id":0,"visible":true,"colorTransform":[20,20,20,20,0,0,0,0],"matrix":[1,0,0,1,0,0]}]}]},"type":1,"upState":{"type":5,"frames":[{"objects":[{"type":0,"depth":0,"symbol":91,"clipDepth":0,"id":0,"visible":true,"colorTransform":[20,20,20,20,0,0,0,0],"matrix":[1,0,0,1,0,0]}]}]},"overState":{"type":5,"frames":[{"objects":[{"type":0,"depth":0,"symbol":91,"clipDepth":0,"id":0,"visible":true,"colorTransform":[20,20,20,20,0,0,0,0],"matrix":[1,0,0,1,0,0]}]}]},"id":92,"downState":{"type":5,"frames":[{"objects":[{"type":0,"depth":0,"symbol":91,"clipDepth":0,"id":0,"visible":true,"colorTransform":[20,20,20,20,0,0,0,0],"matrix":[1,0,0,1,0,0]}]}]}},{"type":4,"id":91,"commands":[3,5,1,13158,0,8,0,0,7,900,0,7,900,760,7,0,760,7,0,0,5,3,5,0,90,[0.79998779296875,0,0,0.79998779296875,20,20],false,true,8,20,20,7,724,20,7,724,420,7,20,420,7,20,20,5,3,5,0,89,[0.79998779296875,0,0,0.79998779296875,160,280],false,true,8,160,280,7,864,280,7,864,712,7,160,712,7,160,280,5]},{"path":"symbols/90.png","type":0,"id":90},{"path":"symbols/89.png","type":0,"id":89},{"hitState":{"type":5,"frames":[{"objects":[{"type":0,"depth":0,"symbol":87,"clipDepth":0,"id":0,"visible":true,"colorTransform":[20,20,20,20,0,0,0,0],"matrix":[1,0,0,1,0,0]}]}]},"type":1,"upState":{"type":5,"frames":[{"objects":[{"type":0,"depth":0,"symbol":87,"clipDepth":0,"id":0,"visible":true,"colorTransform":[20,20,20,20,0,0,0,0],"matrix":[1,0,0,1,0,0]}]}]},"overState":{"type":5,"frames":[{"objects":[{"type":0,"depth":0,"symbol":87,"clipDepth":0,"id":0,"visible":true,"colorTransform":[20,20,20,20,0,0,0,0],"matrix":[1,0,0,1,0,0]}]}]},"id":88,"downState":{"type":5,"frames":[{"objects":[{"type":0,"depth":0,"symbol":87,"clipDepth":0,"id":0,"visible":true,"colorTransform":[20,20,20,20,0,0,0,0],"matrix":[1,0,0,1,0,0]}]}]}},{"type":5,"id":87,"frames":[{"objects":[{"type":0,"depth":0,"symbol":86,"clipDepth":0,"id":0,"visible":true,"matrix":[1,0,0,1,0,0]}]}]},{"path":"symbols/86.png","type":0,"id":86},{"type":5,"className":"org.oyunstudyosu.sanalika.panels.profile.ProfilePanel","baseClassName":null,"id":85,"frames":[{"objects":[{"name":"background","type":0,"depth":1,"symbol":2,"clipDepth":0,"id":0,"filters":[[2,2,89.9993809572637,4342338,1,2,2,0.5,3,false,false,false]],"matrix":[0.725997924804688,0,0,1.67266845703125,0,3]},{"name":"dragger","type":0,"depth":3,"symbol":2,"clipDepth":0,"id":1,"filters":[[2,2,89.9993809572637,4342338,1,2,2,0.5,3,false,false,false]],"colorTransform":[20,20,20,0,0,0,0,0],"matrix":[0.725997924804688,0,0,1.65957641601563,0,3]},{"name":"p3","type":0,"depth":5,"symbol":7,"clipDepth":0,"id":2,"filters":[[2,2,89.9993809572637,0,1,0,0,0.5,1,false,false,false]],"matrix":[3.60038757324219,0,0,4.95989990234375,460,3214]},{"name":"p2","type":0,"depth":7,"symbol":7,"clipDepth":0,"id":3,"filters":[[2,2,89.9993809572637,0,1,0,0,0.5,1,false,false,false]],"matrix":[3.60038757324219,0,0,1.25189208984375,460,2523]},{"name":"p1","type":0,"depth":9,"symbol":7,"clipDepth":0,"id":4,"filters":[[2,2,89.9993809572637,0,1,0,0,0.5,1,false,false,false]],"matrix":[1.13346862792969,0,0,3.66624450683594,320,300]},{"name":"nameTxt","type":0,"depth":11,"symbol":9,"clipDepth":0,"id":5,"matrix":[1,0,0,1,806,418]},{"name":"statusMessageTxt","type":0,"depth":12,"symbol":10,"clipDepth":0,"id":6,"matrix":[1,0,0,1,-394,3349]},{"name":"moodTxt","type":0,"depth":13,"symbol":11,"clipDepth":0,"id":7,"matrix":[1,0,0,1,806,1018]},{"name":"infoTxt","type":0,"depth":14,"symbol":12,"clipDepth":0,"id":8,"matrix":[1,0,0,1,806,1458]},{"name":"txtFlatCount","type":0,"depth":15,"symbol":13,"clipDepth":0,"id":9,"matrix":[1,0,0,1,-374,5759]},{"name":"txtShareLink","type":0,"depth":16,"symbol":14,"clipDepth":0,"id":10,"matrix":[1,0,0,1,-1054,6959]},{"name":"txtAvatarID","type":0,"depth":17,"symbol":15,"clipDepth":0,"id":11,"matrix":[1,0,0,1,-1974,1958]},{"name":"txtTeamInfo","type":0,"depth":18,"symbol":16,"clipDepth":0,"id":12,"matrix":[1,0,0,1,-374,6359]},{"name":"editStatusMessageTxt","type":0,"depth":19,"symbol":17,"clipDepth":0,"id":13,"matrix":[1,0,0,1,660,3321]},{"name":"editButton","type":0,"depth":20,"symbol":28,"clipDepth":0,"id":14,"matrix":[0.574996948242188,0,0,0.574996948242188,4710,3625]},{"name":"saveButton","type":0,"depth":22,"symbol":42,"clipDepth":0,"id":15,"matrix":[0.666671752929688,0,0,0.666671752929688,4755,3645]},{"name":"btnFlat","type":0,"depth":24,"symbol":48,"clipDepth":0,"id":16,"filters":[[2,2,89.9993809572637,0,1,0,0,0.5,1,false,false,false]],"matrix":[0.661758422851563,0,0,0.661758422851563,460,5925]},{"name":null,"type":0,"depth":26,"symbol":50,"clipDepth":0,"id":17,"matrix":[1,0,0,1,0,0]},{"name":"buddystatics","type":0,"depth":27,"symbol":56,"clipDepth":0,"id":18,"matrix":[1,0,0,1,2020,2050]},{"name":"mcBan","type":0,"depth":36,"symbol":59,"clipDepth":0,"id":19,"matrix":[1,0,0,1,3291,2528]},{"name":"sanalikaX","type":0,"depth":46,"symbol":66,"clipDepth":0,"id":20,"matrix":[1,0,0,1,434,434]},{"name":"mcDislike","type":0,"depth":48,"symbol":69,"clipDepth":0,"id":21,"matrix":[1,0,0,1,2011,2520]},{"name":"mcLike","type":0,"depth":51,"symbol":72,"clipDepth":0,"id":22,"matrix":[1,0,0,1,650,2520]},{"name":"charHolder","type":0,"depth":54,"symbol":73,"clipDepth":0,"id":23,"matrix":[1,0,0,1,1010,1760]},{"name":"btnClose","type":0,"depth":56,"symbol":79,"clipDepth":0,"id":24,"matrix":[1,0,0,1,4872,275]},{"name":"btnImproper","type":0,"depth":61,"symbol":81,"clipDepth":0,"id":25,"matrix":[1,0,0,1,1863,275]},{"name":"btnImproperStatus","type":0,"depth":64,"symbol":81,"clipDepth":0,"id":26,"matrix":[1,0,0,1,4762,3378]},{"name":"btnImproperCity","type":0,"depth":67,"symbol":81,"clipDepth":0,"id":27,"matrix":[1,0,0,1,1863,1445]},{"name":"emailIcon","type":0,"depth":70,"symbol":84,"clipDepth":0,"id":28,"matrix":[1,0,0,1,4340,4995]}]}]},{"type":5,"id":84,"frames":[{"objects":[{"name":null,"type":0,"depth":1,"symbol":83,"clipDepth":0,"id":0,"matrix":[1,0,0,1,0,0]}]}]},{"type":5,"id":83,"frames":[{"objects":[{"type":0,"depth":0,"symbol":82,"clipDepth":0,"id":0,"visible":true,"matrix":[0.28204345703125,0,0,0.28204345703125,-60,-60]}]}]},{"path":"symbols/82.png","type":0,"id":82},{"hitState":{"type":5,"frames":[{"objects":[{"type":0,"depth":0,"symbol":80,"clipDepth":0,"id":0,"visible":true,"colorTransform":[20,20,20,20,0,0,0,0],"matrix":[1,0,0,1,0,0]}]}]},"type":1,"upState":{"type":5,"frames":[{"objects":[{"type":0,"depth":0,"symbol":80,"clipDepth":0,"id":0,"visible":true,"colorTransform":[20,20,20,20,0,0,0,0],"matrix":[1,0,0,1,0,0]}]}]},"overState":{"type":5,"frames":[{"objects":[{"type":0,"depth":0,"symbol":80,"clipDepth":0,"id":0,"visible":true,"colorTransform":[20,20,20,20,0,0,0,0],"matrix":[1,0,0,1,0,0]}]}]},"id":81,"downState":{"type":5,"frames":[{"objects":[{"type":0,"depth":0,"symbol":80,"clipDepth":0,"id":0,"visible":true,"colorTransform":[20,20,20,20,0,0,0,0],"matrix":[1,0,0,1,0,0]}]}]}},{"type":4,"id":80,"commands":[3,5,1,16752640,1,8,-90,135,7,-114,115,7,-147,71,4,-110,-82,77,-144,7,116,-115,7,139,-87,4,113,85,-90,135,5,1,16757504,1,8,-147,71,7,-155,51,4,-163,27,-163,0,4,-163,-68,-114,-115,4,-67,-163,1,-163,7,4,-163,7,26,-161,7,43,-157,7,77,-144,4,-110,-82,-147,71,5,1,16748288,1,8,139,-87,4,153,-64,159,-38,7,163,0,4,163,67,116,115,4,68,163,1,163,7,-26,161,4,-62,155,-90,135,4,113,85,139,-87,5,3,5,1,13369344,0.866666666666667,8,-21,-88,7,-15,-101,7,-1,-104,7,11,-103,7,18,-101,7,18,25,7,-21,25,7,-21,-88,8,23,69,7,16,86,4,9,93,-2,93,7,-19,86,7,-26,69,4,-26,58,-19,51,4,-12,45,-2,45,4,9,45,16,51,4,23,58,23,69,5]},{"type":5,"className":"com.oyunstudyosu.components.CloseButton","baseClassName":null,"id":79,"frames":[{"objects":[{"name":null,"type":0,"depth":1,"symbol":74,"clipDepth":0,"id":0,"matrix":[1,0,0,1,160,200]},{"name":null,"type":0,"depth":2,"symbol":75,"clipDepth":0,"id":1,"matrix":[1,0,0,1,0,0]},{"name":null,"type":0,"depth":4,"symbol":76,"clipDepth":0,"id":2,"matrix":[1,0,0,1,0,0]}]},{"objects":[{"name":null,"type":0,"depth":3,"symbol":77,"clipDepth":0,"id":4,"matrix":[1,0,0,1,0,0]}]},{"objects":[{"name":null,"type":0,"depth":2,"symbol":78,"clipDepth":0,"id":7,"matrix":[1,0,0,1,0,0]},{"type":2,"id":4},{"type":2,"id":1}]}]},{"type":4,"id":78,"commands":[3,5,1,13840175,1,8,88,-133,7,112,-113,7,144,-70,4,108,80,-76,141,7,-114,113,7,-136,85,4,-111,-83,88,-133,5,1,12986408,1,8,-136,85,4,-150,63,-156,37,7,-160,0,4,-160,-66,-114,-113,4,-67,-160,-1,-160,7,26,-158,4,61,-152,88,-133,4,-111,-83,-136,85,5,1,15022389,1,8,144,-70,7,152,-50,4,160,-27,160,0,4,160,67,112,113,4,66,160,-1,160,7,-4,160,7,-26,158,7,-42,154,7,-76,141,4,108,80,144,-70,5]},{"type":4,"id":77,"commands":[3,5,1,16777215,0.2,8,77,-144,7,116,-115,7,139,-87,4,153,-64,159,-38,7,163,0,4,163,67,116,115,4,68,163,1,163,7,-26,161,4,-62,155,-90,135,7,-114,115,7,-147,71,7,-155,51,4,-163,27,-163,0,4,-163,-68,-114,-115,4,-67,-163,1,-163,7,4,-163,7,26,-161,7,43,-157,7,77,-144,5]},{"type":4,"id":76,"commands":[3,5,1,15658734,1,8,42,7,7,86,52,7,98,70,7,86,87,7,69,98,4,62,97,52,87,7,8,43,4,5,40,1,40,7,-6,43,7,-51,87,7,-68,98,7,-85,87,7,-97,70,7,-85,52,7,-86,52,7,-41,7,7,-38,0,7,-41,-7,7,-86,-51,7,-85,-51,7,-97,-69,7,-85,-87,7,-68,-98,7,-51,-87,7,-6,-42,7,1,-39,4,5,-39,8,-42,7,52,-87,4,62,-97,69,-98,7,86,-87,7,98,-69,7,86,-51,7,42,-7,7,39,0,7,42,7,5]},{"type":4,"id":75,"commands":[3,5,1,13840175,1,8,-88,133,7,-112,113,7,-144,70,4,-108,-80,76,-141,7,114,-113,7,136,-85,4,111,83,-88,133,5,1,12986408,1,8,136,-85,4,150,-63,156,-37,7,160,0,4,160,66,114,113,4,67,160,1,160,7,-26,158,4,-61,152,-88,133,4,111,83,136,-85,5,1,15022389,1,8,-144,70,7,-152,50,4,-160,27,-160,0,4,-160,-67,-112,-113,4,-66,-160,1,-160,7,4,-160,7,26,-158,7,42,-154,7,76,-141,4,-108,-80,-144,70,5]},{"type":4,"id":74,"commands":[3,5,1,4342338,0.8,8,0,-160,4,0,-94,-47,-47,4,-94,0,-160,0,4,-227,0,-274,-47,4,-320,-94,-320,-160,4,-320,-227,-274,-274,4,-227,-320,-160,-320,4,-94,-320,-47,-274,4,0,-227,0,-160,5]},{"type":5,"id":73,"frames":[{}]},{"type":5,"id":72,"frames":[{"objects":[{"name":"txt","type":0,"depth":1,"symbol":70,"clipDepth":0,"id":0,"matrix":[1,0,0,1,448,40]},{"name":null,"type":0,"depth":2,"symbol":71,"clipDepth":0,"id":1,"matrix":[0.1661376953125,0,0,0.166061401367188,0,60]}]}]},{"type":4,"id":71,"commands":[3,5,1,2201331,1,8,151,1891,4,158,1855,171,1817,4,-144,1521,47,1239,4,280,900,746,1137,4,997,1142,778,635,4,557,129,1065,0,4,1347,1134,1859,1524,7,1859,2355,7,1824,2367,7,1824,2192,4,659,2522,151,1891,8,2036,1504,7,2621,1504,7,2391,2601,7,2036,2601,7,2036,1504,5,1,1402035,1,8,1824,2367,7,1859,2355,7,1859,2541,7,1824,2555,7,1824,2367,5,1,2001125,1,8,151,1891,4,659,2522,1824,2192,7,1824,2367,7,1824,2555,4,826,2940,424,2654,4,284,2511,334,2355,7,346,2323,4,98,2153,151,1891,5,6,8,1668818,1,false,2,1,2,3,8,2036,1504,7,2036,2601,7,2391,2601,7,2621,1504,7,2036,1504,8,1859,2355,7,1859,1524,4,1347,1134,1065,0,4,557,129,778,635,4,997,1142,746,1137,4,280,900,47,1239,4,-144,1521,171,1817,4,158,1855,151,1891,8,1859,2355,7,1859,2541,7,1824,2555,4,826,2940,424,2654,4,284,2511,334,2355,7,346,2323,4,98,2153,151,1891]},{"selectable":false,"html":true,"password":false,"color":-15108398,"fontName":"Co Text Bold","rect":[-8,-40,860,534],"text":"<p align=\"left\"><font face=\"Co Text Bold\" size=\"13\" color=\"#1976d2\" letterSpacing=\"0.00\" kerning=\"0\"><b>-</b></font></p>","type":2,"border":false,"leftMargin":0,"fontID":8,"id":70,"wordWrap":false,"leading":0,"indent":0,"multiline":false,"align":"left","rightMargin":0,"fontHeight":260,"input":false},{"type":5,"id":69,"frames":[{"objects":[{"name":"txt","type":0,"depth":1,"symbol":67,"clipDepth":0,"id":0,"matrix":[1,0,0,1,448,40]},{"name":null,"type":0,"depth":2,"symbol":68,"clipDepth":0,"id":1,"matrix":[0.166336059570313,0,0,0.165679931640625,0,60]}]}]},{"type":4,"id":68,"commands":[3,5,1,15037299,1,8,2036,1272,7,2036,175,7,2391,175,7,2621,1272,7,2036,1272,8,1874,718,7,1859,1252,4,1347,1642,1065,2776,4,557,2647,778,2141,4,997,1634,746,1639,4,280,1876,47,1537,4,-134,1270,140,990,4,980,456,1874,718,5,1,15684432,1,8,140,990,7,171,959,4,64,647,346,453,4,270,280,424,122,4,833,-169,1859,235,7,1874,718,4,980,456,140,990,5,6,8,13840175,1,false,2,1,2,3,8,2036,1272,7,2036,175,7,2391,175,7,2621,1272,7,2036,1272,8,140,990,7,171,959,4,64,647,346,453,4,270,280,424,122,4,833,-169,1859,235,7,1874,718,7,1859,1252,4,1347,1642,1065,2776,4,557,2647,778,2141,4,997,1634,746,1639,4,280,1876,47,1537,4,-134,1270,140,990]},{"selectable":false,"html":true,"password":false,"color":-2937041,"fontName":"Co Text Bold","rect":[-8,-40,860,534],"text":"<p align=\"left\"><font face=\"Co Text Bold\" size=\"13\" color=\"#d32f2f\" letterSpacing=\"0.00\" kerning=\"0\"><b>-</b></font></p>","type":2,"border":false,"leftMargin":0,"fontID":8,"id":67,"wordWrap":false,"leading":0,"indent":0,"multiline":false,"align":"left","rightMargin":0,"fontHeight":260,"input":false},{"type":5,"id":66,"frames":[{"objects":[{"name":null,"type":0,"depth":1,"symbol":65,"clipDepth":0,"id":0,"matrix":[1,0,0,1,-24,269]}]}]},{"type":5,"id":65,"frames":[{"objects":[{"name":null,"type":0,"depth":1,"symbol":61,"clipDepth":0,"id":0,"matrix":[1,0,0,1,0,0]},{"name":null,"type":0,"depth":2,"symbol":62,"clipDepth":5,"id":1,"matrix":[1,0,0,1,0,0]},{"name":null,"type":0,"depth":3,"symbol":64,"clipDepth":0,"id":2,"matrix":[1,0,0,1,458,-272]}]},{"objects":[{"name":null,"type":1,"depth":3,"symbol":64,"clipDepth":0,"id":2,"matrix":[0.999771118164063,0.0182342529296875,-0.0182342529296875,0.999771118164063,432,-268]}]},{"objects":[{"name":null,"type":1,"depth":3,"symbol":64,"clipDepth":0,"id":2,"matrix":[0.999069213867188,0.03973388671875,-0.03973388671875,0.999069213867188,406,-264]}]},{"objects":[{"name":null,"type":1,"depth":3,"symbol":64,"clipDepth":0,"id":2,"matrix":[0.997909545898438,0.06121826171875,-0.06121826171875,0.997909545898438,380,-260]}]},{"objects":[{"name":null,"type":1,"depth":3,"symbol":64,"clipDepth":0,"id":2,"matrix":[0.99658203125,0.0794219970703125,-0.0794219970703125,0.99658203125,355,-256]}]},{"objects":[{"name":null,"type":1,"depth":3,"symbol":64,"clipDepth":0,"id":2,"matrix":[0.99456787109375,0.100845336914063,-0.100845336914063,0.99456787109375,327,-253]}]},{"objects":[{"name":null,"type":1,"depth":3,"symbol":64,"clipDepth":0,"id":2,"matrix":[0.992095947265625,0.122222900390625,-0.122222900390625,0.992095947265625,301,-249]}]},{"objects":[{"name":null,"type":1,"depth":3,"symbol":64,"clipDepth":0,"id":2,"matrix":[0.989166259765625,0.143539428710938,-0.143539428710938,0.989166259765625,276,-245]}]},{"objects":[{"name":null,"type":1,"depth":3,"symbol":64,"clipDepth":0,"id":2,"matrix":[0.986328125,0.16156005859375,-0.16156005859375,0.986328125,250,-242]}]},{"objects":[{"name":null,"type":1,"depth":3,"symbol":64,"clipDepth":0,"id":2,"matrix":[0.982559204101563,0.182754516601563,-0.182754516601563,0.982559204101563,223,-239]}]},{"objects":[{"name":null,"type":1,"depth":3,"symbol":64,"clipDepth":0,"id":2,"matrix":[0.97833251953125,0.203857421875,-0.203857421875,0.97833251953125,198,-236]}]},{"objects":[{"name":null,"type":1,"depth":3,"symbol":64,"clipDepth":0,"id":2,"matrix":[0.974395751953125,0.2216796875,-0.2216796875,0.974395751953125,173,-234]}]},{"objects":[{"name":null,"type":1,"depth":3,"symbol":64,"clipDepth":0,"id":2,"matrix":[0.969329833984375,0.242599487304688,-0.242599487304688,0.969329833984375,146,-230]}]},{"objects":[{"name":null,"type":1,"depth":3,"symbol":64,"clipDepth":0,"id":2,"matrix":[0.963821411132813,0.263412475585938,-0.263412475585938,0.963821411132813,121,-228]}]},{"objects":[{"name":null,"type":1,"depth":3,"symbol":64,"clipDepth":0,"id":2,"matrix":[0.957855224609375,0.284103393554688,-0.284103393554688,0.957855224609375,94,-226]}]},{"objects":[{"name":null,"type":1,"depth":3,"symbol":64,"clipDepth":0,"id":2,"matrix":[0.95245361328125,0.301544189453125,-0.301544189453125,0.95245361328125,69,-223]}]},{"objects":[{"name":null,"type":1,"depth":3,"symbol":64,"clipDepth":0,"id":2,"matrix":[0.9456787109375,0.321975708007813,-0.321975708007813,0.9456787109375,43,-220]}]},{"objects":[{"name":null,"type":1,"depth":3,"symbol":64,"clipDepth":0,"id":2,"matrix":[0.9384765625,0.342269897460938,-0.342269897460938,0.9384765625,16,-218]}]},{"objects":[{"name":null,"type":1,"depth":3,"symbol":64,"clipDepth":0,"id":2,"matrix":[0.932022094726563,0.359344482421875,-0.359344482421875,0.932022094726563,-8,-216]}]},{"objects":[{"name":null,"type":1,"depth":3,"symbol":64,"clipDepth":0,"id":2,"matrix":[0.92401123046875,0.37933349609375,-0.37933349609375,0.92401123046875,-33,-215]}]},{"objects":[{"name":null,"type":1,"depth":3,"symbol":64,"clipDepth":0,"id":2,"matrix":[0.915573120117188,0.399154663085938,-0.399154663085938,0.915573120117188,-60,-214]}]},{"objects":[{"name":null,"type":1,"depth":3,"symbol":64,"clipDepth":0,"id":2,"matrix":[0.906707763671875,0.418777465820313,-0.418777465820313,0.906707763671875,-85,-211]}]},{"objects":[{"name":null,"type":1,"depth":3,"symbol":64,"clipDepth":0,"id":2,"matrix":[0.89886474609375,0.435272216796875,-0.435272216796875,0.89886474609375,-110,-210]}]},{"objects":[{"name":null,"type":1,"depth":3,"symbol":64,"clipDepth":0,"id":2,"matrix":[0.889236450195313,0.454544067382813,-0.454544067382813,0.889236450195313,-136,-208]}]},{"objects":[{"name":null,"type":1,"depth":3,"symbol":64,"clipDepth":0,"id":2,"matrix":[0.879180908203125,0.473602294921875,-0.473602294921875,0.879180908203125,-162,-207]}]},{"objects":[{"name":null,"type":1,"depth":3,"symbol":64,"clipDepth":0,"id":2,"matrix":[0.868728637695313,0.492431640625,-0.492431640625,0.868728637695313,-188,-205]}]},{"objects":[{"name":null,"type":1,"depth":3,"symbol":64,"clipDepth":0,"id":2,"matrix":[0.85955810546875,0.508224487304688,-0.508224487304688,0.85955810546875,-212,-204]}]},{"objects":[{"name":null,"type":1,"depth":3,"symbol":64,"clipDepth":0,"id":2,"matrix":[0.848358154296875,0.526626586914063,-0.526626586914063,0.848358154296875,-237,-203]}]},{"objects":[{"name":null,"type":1,"depth":3,"symbol":64,"clipDepth":0,"id":2,"matrix":[0.836776733398438,0.5447998046875,-0.5447998046875,0.836776733398438,-262,-203]}]},{"objects":[{"name":null,"type":1,"depth":3,"symbol":64,"clipDepth":0,"id":2,"matrix":[0.82666015625,0.55999755859375,-0.55999755859375,0.82666015625,-287,-202]}]},{"objects":[{"name":null,"type":1,"depth":3,"symbol":64,"clipDepth":0,"id":2,"matrix":[0.814361572265625,0.577682495117188,-0.577682495117188,0.814361572265625,-311,-200]}]},{"objects":[{"name":null,"type":1,"depth":3,"symbol":64,"clipDepth":0,"id":2,"matrix":[0.801681518554688,0.595108032226563,-0.595108032226563,0.801681518554688,-336,-200]}]},{"objects":[{"name":null,"type":1,"depth":3,"symbol":64,"clipDepth":0,"id":2,"matrix":[0.788650512695313,0.612258911132813,-0.612258911132813,0.788650512695313,-362,-201]}]},{"objects":[{"name":null,"type":1,"depth":3,"symbol":64,"clipDepth":0,"id":2,"matrix":[0.777297973632813,0.626571655273438,-0.626571655273438,0.777297973632813,-386,-200]}]},{"objects":[{"name":null,"type":1,"depth":3,"symbol":64,"clipDepth":0,"id":2,"matrix":[0.763595581054688,0.643203735351563,-0.643203735351563,0.763595581054688,-411,-199]}]},{"objects":[{"name":null,"type":1,"depth":3,"symbol":64,"clipDepth":0,"id":2,"matrix":[0.749526977539063,0.659515380859375,-0.659515380859375,0.749526977539063,-436,-199]}]},{"objects":[{"name":null,"type":1,"depth":3,"symbol":64,"clipDepth":0,"id":2,"matrix":[0.737319946289063,0.673126220703125,-0.673126220703125,0.737319946289063,-461,-199]}]},{"objects":[{"name":null,"type":1,"depth":3,"symbol":64,"clipDepth":0,"id":2,"matrix":[0.722625732421875,0.688873291015625,-0.688873291015625,0.722625732421875,-485,-199]}]},{"objects":[{"name":null,"type":1,"depth":3,"symbol":64,"clipDepth":0,"id":2,"matrix":[0.707595825195313,0.704299926757813,-0.704299926757813,0.707595825195313,-510,-199]}]},{"objects":[{"name":null,"type":1,"depth":3,"symbol":64,"clipDepth":0,"id":2,"matrix":[0.692230224609375,0.719406127929688,-0.719406127929688,0.692230224609375,-534,-199]}]},{"objects":[{"name":null,"type":1,"depth":3,"symbol":64,"clipDepth":0,"id":2,"matrix":[0.678955078125,0.731964111328125,-0.731964111328125,0.678955078125,-557,-199]}]},{"objects":[{"name":null,"type":1,"depth":3,"symbol":64,"clipDepth":0,"id":2,"matrix":[0.663009643554688,0.7464599609375,-0.7464599609375,0.663009643554688,-582,-200]}]},{"objects":[{"name":null,"type":1,"depth":3,"symbol":64,"clipDepth":0,"id":2,"matrix":[0.646759033203125,0.760604858398438,-0.760604858398438,0.646759033203125,-606,-201]}]},{"objects":[{"name":null,"type":1,"depth":3,"symbol":64,"clipDepth":0,"id":2,"matrix":[0.632736206054688,0.772308349609375,-0.772308349609375,0.632736206054688,-630,-200]}]},{"objects":[{"name":null,"type":1,"depth":3,"symbol":64,"clipDepth":0,"id":2,"matrix":[0.615936279296875,0.785797119140625,-0.785797119140625,0.615936279296875,-654,-200]}]},{"objects":[{"name":null,"type":1,"depth":3,"symbol":64,"clipDepth":0,"id":2,"matrix":[0.598846435546875,0.798919677734375,-0.798919677734375,0.598846435546875,-677,-200]}]},{"objects":[{"name":null,"type":1,"depth":3,"symbol":64,"clipDepth":0,"id":2,"matrix":[0.58148193359375,0.811676025390625,-0.811676025390625,0.58148193359375,-700,-202]}]},{"objects":[{"name":null,"type":1,"depth":3,"symbol":64,"clipDepth":0,"id":2,"matrix":[0.566543579101563,0.822189331054688,-0.822189331054688,0.566543579101563,-723,-203]}]},{"objects":[{"name":null,"type":1,"depth":3,"symbol":64,"clipDepth":0,"id":2,"matrix":[0.548690795898438,0.834243774414063,-0.834243774414063,0.548690795898438,-747,-203]}]},{"objects":[{"name":null,"type":1,"depth":3,"symbol":64,"clipDepth":0,"id":2,"matrix":[0.53057861328125,0.845916748046875,-0.845916748046875,0.53057861328125,-771,-204]}]},{"objects":[{"name":null,"type":1,"depth":3,"symbol":64,"clipDepth":0,"id":2,"matrix":[0.512237548828125,0.857192993164063,-0.857192993164063,0.512237548828125,-795,-206]}]},{"objects":[{"name":null,"type":1,"depth":3,"symbol":64,"clipDepth":0,"id":2,"matrix":[0.4964599609375,0.866439819335938,-0.866439819335938,0.4964599609375,-817,-207]}]},{"objects":[{"name":null,"type":1,"depth":3,"symbol":64,"clipDepth":0,"id":2,"matrix":[0.477676391601563,0.876983642578125,-0.876983642578125,0.477676391601563,-840,-207]}]},{"objects":[{"name":null,"type":1,"depth":3,"symbol":64,"clipDepth":0,"id":2,"matrix":[0.45867919921875,0.887115478515625,-0.887115478515625,0.45867919921875,-863,-209]}]},{"objects":[{"name":null,"type":1,"depth":3,"symbol":64,"clipDepth":0,"id":2,"matrix":[0.44268798828125,0.896682739257813,-0.896682739257813,0.44268798828125,-887,-211]}]},{},{},{},{},{},{},{},{},{},{},{},{}]},{"type":5,"id":64,"frames":[{"objects":[{"name":null,"type":0,"depth":1,"symbol":63,"clipDepth":0,"id":0,"matrix":[1,0,0,1,0,0]}]}]},{"type":4,"id":63,"commands":[3,5,1,16777215,1,8,-206,-598,4,125,-560,190,-276,4,223,-134,189,0,4,163,-267,3,-446,4,-103,-564,-206,-598,5]},{"type":4,"id":62,"commands":[3,5,1,6749952,1,8,-20,-307,7,-66,-268,4,-107,-236,-129,-236,4,-150,-236,-145,-246,4,-65,-377,-34,-412,4,-32,-423,-18,-438,7,-14,-442,7,-29,-463,7,-58,-504,7,-83,-540,7,-103,-574,4,-103,-586,-92,-586,4,-72,-586,-43,-565,7,-12,-541,7,55,-499,7,96,-537,7,144,-578,7,201,-620,4,226,-643,239,-642,4,250,-642,250,-627,4,250,-608,228,-573,7,195,-525,7,121,-428,7,134,-406,7,162,-372,4,206,-322,206,-302,4,206,-289,189,-289,4,175,-289,146,-307,7,111,-330,4,101,-334,81,-347,7,58,-366,7,-20,-307,8,62,-456,4,59,-456,30,-476,7,-27,-510,7,-28,-510,4,35,-441,35,-432,7,32,-429,7,7,-391,7,-32,-341,4,51,-413,57,-413,4,115,-372,138,-358,7,139,-358,7,108,-393,4,80,-426,80,-436,7,129,-495,7,146,-523,7,165,-551,7,110,-504,7,80,-474,7,67,-459,7,62,-456,8,-228,-243,7,-270,-222,4,-312,-201,-312,-188,7,-307,-182,7,-289,-180,7,-271,-179,7,-268,-177,7,-254,-177,7,-253,-176,7,-144,-182,4,-72,-193,-3,-210,7,104,-238,7,208,-268,7,255,-284,7,279,-293,7,288,-295,7,299,-301,7,317,-313,7,298,-320,7,248,-321,4,240,-321,240,-326,7,242,-329,7,242,-330,7,248,-337,7,258,-343,7,292,-347,7,302,-347,4,313,-348,315,-351,7,357,-351,4,368,-349,374,-338,7,379,-321,4,379,-291,314,-252,4,260,-219,205,-202,4,73,-159,-84,-131,7,-127,-129,7,-130,-127,7,-235,-127,7,-238,-129,7,-286,-132,7,-289,-134,4,-341,-134,-366,-150,4,-384,-161,-384,-175,4,-384,-201,-310,-236,4,-246,-266,-233,-266,7,-225,-260,7,-224,-254,4,-224,-245,-228,-244,7,-228,-243,5]},{"type":5,"id":61,"frames":[{"objects":[{"type":0,"depth":0,"symbol":60,"clipDepth":0,"id":0,"visible":true,"matrix":[1,0,0,1,-370,-660]}]}]},{"path":"symbols/60.png","type":0,"id":60,"smooth":false},{"type":5,"id":59,"frames":[{"objects":[{"name":null,"type":0,"depth":8,"symbol":57,"clipDepth":0,"id":0,"matrix":[1,0,0,1,0,0]},{"name":"txt","type":0,"depth":9,"symbol":58,"clipDepth":0,"id":1,"matrix":[1,0,0,1,461,40]}]}]},{"selectable":false,"html":true,"password":false,"color":-16777216,"fontName":"Co Text Bold","rect":[-8,-40,860,534],"text":"<p align=\"left\"></p>","type":2,"border":false,"leftMargin":0,"fontID":8,"id":58,"wordWrap":false,"leading":0,"indent":0,"multiline":false,"align":"left","rightMargin":0,"fontHeight":260,"input":false},{"type":4,"id":57,"commands":[3,5,1,460551,1,8,33,245,4,33,162,92,104,4,150,46,233,46,4,315,46,373,104,4,432,162,432,245,4,432,328,373,386,4,315,445,233,445,4,150,445,92,386,4,33,328,33,245,5,6,1.25,3158064,1,false,2,1,1,3.859375,8,33,245,4,33,162,92,104,4,150,46,233,46,4,315,46,373,104,4,432,162,432,245,4,432,328,373,386,4,315,445,233,445,4,150,445,92,386,4,33,328,33,245,3,5,1,16777215,1,8,320,295,7,349,295,7,349,321,7,320,321,7,320,295,5,3,5,1,16777215,1,8,378,293,7,408,293,7,408,319,7,378,319,7,378,293,5,3,5,1,16777215,1,8,262,295,7,292,295,7,292,321,7,262,321,7,262,295,5,3,5,1,16777215,1,8,205,293,7,235,294,7,235,320,7,205,320,7,205,293,5,3,5,1,16777215,1,8,147,295,7,177,295,7,177,321,7,147,321,7,147,295,5,3,5,1,16777215,1,8,138,184,4,138,173,145,166,4,153,158,164,158,4,175,158,182,166,4,190,173,190,184,4,190,195,182,202,4,175,210,164,210,4,153,210,145,202,4,138,195,138,184,5,3,5,1,16777215,1,8,243,184,4,243,168,255,156,4,266,145,283,145,4,299,145,311,156,4,322,168,322,184,4,322,200,311,212,4,299,223,283,223,4,266,223,255,212,4,243,200,243,184,5]},{"type":5,"className":"org.oyunstudyosu.sanalika.panels.profile.BuddyStatics","baseClassName":null,"id":56,"frames":[{"objects":[{"name":null,"type":0,"depth":1,"symbol":51,"clipDepth":0,"id":0,"matrix":[1,0,0,1,0,0]},{"name":"buddyCountTxt","type":0,"depth":2,"symbol":52,"clipDepth":0,"id":1,"matrix":[1,0,0,1,1728,-80]},{"name":"buddyRatingMask","type":0,"depth":3,"symbol":54,"clipDepth":6,"id":2,"colorTransform":[20,20,20,0,0,0,0,0],"matrix":[1.0001220703125,0,0,0.999465942382813,0,0]},{"name":null,"type":0,"depth":5,"symbol":55,"clipDepth":0,"id":3,"matrix":[1,0,0,1,0,0]},{"name":"buddyHover","type":0,"depth":8,"symbol":54,"clipDepth":0,"id":4,"colorTransform":[20,20,20,0,0,0,0,0],"matrix":[1.00004577636719,0,0,1.13273620605469,0,-20]}]}]},{"type":4,"id":55,"commands":[3,5,1,16771899,1,8,1655,109,7,1658,111,7,1661,113,7,1658,121,7,1582,172,7,1622,273,7,1621,279,7,1612,282,7,1609,282,7,1524,225,7,1448,282,7,1445,282,7,1440,285,7,1435,282,4,1430,276,1432,274,7,1471,171,7,1396,123,7,1394,115,7,1398,109,7,1486,112,7,1522,22,7,1522,18,7,1528,18,7,1530,24,7,1570,111,7,1655,109,8,1312,109,7,1315,111,7,1318,113,7,1315,121,7,1238,172,7,1279,273,4,1282,276,1278,279,7,1270,282,7,1266,282,7,1182,225,7,1105,282,7,1102,282,7,1096,285,7,1093,282,4,1088,276,1090,274,7,1129,171,7,1052,123,4,1050,121,1051,115,7,1056,109,7,1144,112,7,1177,22,7,1180,18,7,1183,18,7,1187,24,7,1226,111,7,1312,109,8,967,109,7,971,111,7,974,113,4,976,118,971,121,7,894,172,7,936,273,7,934,279,7,925,282,7,923,282,7,839,225,7,761,282,7,757,282,7,752,285,7,749,282,4,744,276,746,274,7,785,171,7,709,123,7,707,115,4,707,111,713,109,7,799,112,7,834,22,7,835,18,7,840,18,7,844,24,7,883,111,7,967,109,8,625,109,7,629,111,7,631,113,7,629,121,7,552,172,7,593,273,7,592,279,7,583,282,7,580,282,7,496,225,7,419,282,7,415,282,7,410,285,7,407,282,7,403,274,7,442,171,7,366,123,4,362,121,365,115,7,370,109,7,456,112,7,491,22,7,492,18,7,497,18,7,500,24,7,540,111,7,625,109,8,282,109,7,284,111,7,288,113,7,284,121,7,209,172,7,250,273,7,247,279,7,239,282,7,236,282,7,152,225,7,76,282,7,72,282,7,66,285,7,62,282,4,58,276,60,274,7,100,171,7,23,123,4,20,121,22,115,7,26,109,7,113,112,7,149,22,7,150,18,7,155,18,7,158,24,7,197,111,7,282,109,5,1,16088855,1,8,1655,109,7,1570,111,7,1530,24,7,1528,18,7,1522,18,7,1522,22,7,1486,112,7,1398,109,7,1394,115,7,1396,123,7,1471,171,7,1432,274,4,1430,276,1435,282,7,1440,285,7,1445,282,7,1448,282,7,1524,225,7,1609,282,7,1612,282,7,1621,279,7,1622,273,7,1582,172,7,1658,121,7,1661,113,7,1658,111,7,1655,109,8,1337,109,7,1337,124,7,1327,136,7,1264,179,7,1297,267,7,1300,276,7,1295,288,7,1284,297,7,1270,300,7,1255,296,7,1182,246,7,1115,296,7,1099,300,7,1087,297,7,1075,287,7,1072,276,4,1070,270,1073,267,7,1105,178,7,1042,139,7,1040,137,7,1032,124,4,1030,117,1033,109,4,1036,101,1040,100,4,1046,92,1054,92,7,1130,94,7,1160,16,7,1169,4,7,1183,0,7,1198,4,7,1206,16,7,1238,92,7,1312,92,7,1315,92,4,1322,92,1328,100,7,1337,109,8,1679,109,7,1679,124,7,1670,136,7,1606,179,7,1640,267,7,1643,276,7,1637,288,7,1628,297,7,1612,300,7,1597,296,7,1524,246,7,1457,296,7,1444,300,7,1429,297,7,1417,287,7,1414,276,4,1412,270,1415,267,7,1448,178,7,1385,139,7,1384,137,7,1374,124,4,1372,117,1375,109,4,1379,101,1384,100,7,1397,92,7,1474,94,7,1502,16,4,1505,8,1511,4,7,1528,0,7,1540,4,7,1548,16,7,1582,92,7,1655,92,7,1658,92,4,1664,92,1670,100,7,1679,109,8,1312,109,7,1226,111,7,1187,24,7,1183,18,7,1180,18,7,1177,22,7,1144,112,7,1056,109,7,1051,115,4,1050,121,1052,123,7,1129,171,7,1090,274,4,1088,276,1093,282,7,1096,285,7,1102,282,7,1105,282,7,1182,225,7,1266,282,7,1270,282,7,1278,279,4,1282,276,1279,273,7,1238,172,7,1315,121,7,1318,113,7,1315,111,7,1312,109,8,992,109,7,992,124,7,984,136,7,919,179,7,953,267,7,956,276,7,950,288,7,941,297,7,925,300,7,911,296,7,839,246,7,770,296,7,756,300,7,743,297,7,731,287,7,727,276,4,726,270,730,267,7,761,178,7,698,139,7,696,137,7,688,124,4,685,117,689,109,7,696,100,7,709,92,7,787,94,7,816,16,7,824,4,7,840,0,7,853,4,7,863,16,7,894,92,7,967,92,7,971,92,7,984,100,4,990,101,992,109,8,967,109,7,883,111,7,844,24,7,840,18,7,835,18,7,834,22,7,799,112,7,713,109,4,707,111,707,115,7,709,123,7,785,171,7,746,274,4,744,276,749,282,7,752,285,7,757,282,7,761,282,7,839,225,7,923,282,7,925,282,7,934,279,7,936,273,7,894,172,7,971,121,4,976,118,974,113,7,971,111,7,967,109,8,649,109,4,653,117,649,124,7,641,136,7,577,179,7,611,267,7,613,276,7,608,288,7,598,297,7,583,300,4,575,300,569,296,7,496,246,7,427,296,7,413,300,7,401,297,7,388,287,7,385,276,4,384,270,386,267,7,419,178,7,355,139,7,354,137,7,346,124,4,343,117,346,109,4,349,101,354,100,4,360,92,367,92,7,444,94,7,473,16,4,475,8,482,4,7,497,0,7,511,4,7,520,16,7,552,92,7,629,92,4,636,92,642,100,4,648,101,649,109,8,625,109,7,540,111,7,500,24,7,497,18,7,492,18,7,491,22,7,456,112,7,370,109,7,365,115,4,362,121,366,123,7,442,171,7,403,274,7,407,282,7,410,285,7,415,282,7,419,282,7,496,225,7,580,282,7,583,282,7,592,279,7,593,273,7,552,172,7,629,121,7,631,113,7,629,111,7,625,109,8,306,109,4,310,117,306,124,7,298,136,7,234,179,7,268,267,7,270,276,7,264,288,7,253,297,7,239,300,4,230,300,226,296,7,152,246,7,85,296,7,71,300,7,56,297,7,44,287,7,41,276,7,43,267,7,76,178,7,12,139,7,11,137,7,1,124,4,-1,117,2,109,4,5,101,11,100,7,24,92,7,101,94,7,130,16,7,138,4,7,155,0,7,167,4,7,175,16,7,209,92,7,282,92,7,284,92,4,292,92,298,100,4,304,101,306,109,8,282,109,7,197,111,7,158,24,7,155,18,7,150,18,7,149,22,7,113,112,7,26,109,7,22,115,4,20,121,23,123,7,100,171,7,60,274,4,58,276,62,282,7,66,285,7,72,282,7,76,282,7,152,225,7,236,282,7,239,282,7,247,279,7,250,273,7,209,172,7,284,121,7,288,113,7,284,111,7,282,109,5]},{"type":5,"id":54,"frames":[{"objects":[{"name":null,"type":0,"depth":1,"symbol":53,"clipDepth":0,"id":0,"matrix":[1,0,0,1,0,0]}]}]},{"type":4,"id":53,"commands":[3,5,1,6710886,1,8,0,0,7,1680,0,7,1680,300,7,0,300,7,0,0,5]},{"selectable":false,"html":true,"password":false,"color":-587202560,"fontName":"Co Text Bold","rect":[-8,-40,860,534],"text":"<p align=\"left\"></p>","type":2,"border":false,"leftMargin":0,"fontID":8,"id":52,"wordWrap":false,"leading":0,"indent":0,"multiline":false,"align":"left","rightMargin":0,"fontHeight":260,"input":false},{"type":4,"id":51,"commands":[3,5,1,9067589,1,8,1679,109,7,1679,124,7,1670,136,7,1606,179,7,1640,267,7,1643,276,7,1637,288,7,1628,297,7,1612,300,7,1597,296,7,1524,246,7,1457,296,7,1444,300,7,1429,297,7,1417,287,7,1414,276,4,1412,270,1415,267,7,1448,178,7,1385,139,7,1384,137,7,1374,124,4,1372,117,1375,109,4,1379,101,1384,100,7,1397,92,7,1474,94,7,1502,16,4,1505,8,1511,4,7,1528,0,7,1540,4,7,1548,16,7,1582,92,7,1655,92,7,1658,92,4,1664,92,1670,100,7,1679,109,8,1655,109,7,1570,111,7,1530,24,7,1528,18,7,1522,18,7,1522,22,7,1486,112,7,1398,109,7,1394,115,7,1396,123,7,1471,171,7,1432,274,4,1430,276,1435,282,7,1440,285,7,1445,282,7,1448,282,7,1524,225,7,1609,282,7,1612,282,7,1621,279,7,1622,273,7,1582,172,7,1658,121,7,1661,113,7,1655,109,8,1336,109,7,1336,124,7,1327,136,7,1262,179,7,1296,267,7,1300,276,7,1294,288,7,1284,297,7,1270,300,7,1255,296,7,1181,246,7,1114,296,7,1099,300,7,1086,297,7,1074,287,7,1070,276,7,1072,267,7,1104,178,7,1040,139,7,1040,137,7,1031,124,4,1028,117,1032,109,4,1034,101,1040,100,4,1045,92,1054,92,7,1129,94,7,1159,16,7,1168,4,7,1183,0,7,1196,4,7,1205,16,7,1238,92,7,1315,92,4,1321,92,1327,100,7,1336,109,8,1312,109,7,1225,111,7,1187,24,7,1183,18,7,1178,18,7,1177,22,7,1142,112,7,1055,109,7,1051,115,7,1051,123,7,1129,171,7,1088,274,7,1092,282,7,1096,285,7,1102,282,7,1104,282,7,1181,225,7,1266,282,7,1270,282,7,1278,279,7,1279,273,7,1238,172,7,1315,121,7,1318,113,7,1312,109,8,992,109,7,992,124,7,983,136,7,919,179,7,953,267,7,956,276,7,950,288,7,942,297,7,925,300,7,911,296,7,839,246,7,772,296,7,756,300,7,743,297,7,731,287,7,727,276,4,726,270,728,267,7,762,178,7,698,139,7,697,137,7,688,124,4,685,117,689,109,4,691,101,697,100,4,703,92,710,92,7,786,94,7,816,16,7,824,4,7,840,0,7,853,4,7,862,16,7,894,92,7,968,92,7,972,92,4,978,92,984,100,4,990,101,992,109,8,968,109,7,883,111,7,844,24,4,844,18,840,18,7,835,18,7,834,22,7,799,112,7,713,109,4,707,111,707,115,7,709,123,7,785,171,7,745,274,7,749,282,7,751,285,7,758,282,7,762,282,7,839,225,7,923,282,7,925,282,7,935,279,7,935,273,7,894,172,7,972,121,7,973,113,7,968,109,8,649,109,4,653,117,649,124,7,640,136,7,576,179,7,610,267,7,612,276,7,607,288,7,598,297,7,582,300,7,566,296,7,494,246,7,427,296,7,413,300,7,400,297,7,388,287,7,384,276,4,383,270,385,267,7,418,178,7,354,139,7,353,137,7,344,124,7,346,109,4,348,101,353,100,4,360,92,366,92,7,443,94,7,472,16,7,481,4,7,497,0,7,510,4,7,520,16,7,551,92,7,629,92,4,635,92,641,100,4,647,101,649,109,8,625,109,7,539,111,7,499,24,7,497,18,7,492,18,7,491,22,7,455,112,7,368,109,7,364,115,4,362,121,365,123,7,440,171,7,402,274,7,406,282,7,409,285,7,414,282,7,418,282,7,494,225,7,580,282,7,582,282,7,592,279,7,592,273,7,551,172,7,629,121,7,631,113,7,625,109,8,305,109,7,305,124,7,296,136,7,233,179,7,268,267,7,270,276,7,264,288,7,253,297,7,239,300,4,230,300,224,296,7,152,246,7,84,296,7,68,300,7,56,297,7,43,287,7,41,276,4,40,270,42,267,7,74,178,7,12,139,7,10,137,7,1,124,7,1,109,4,5,101,10,100,4,16,92,24,92,7,100,94,7,128,16,7,138,4,7,154,0,7,167,4,7,175,16,7,209,92,7,281,92,7,284,92,4,292,92,298,100,4,304,101,305,109,8,281,109,7,197,111,7,157,24,7,154,18,7,149,18,7,148,22,7,112,112,7,26,109,4,20,111,20,115,4,19,121,23,123,7,98,171,7,59,274,7,62,282,7,66,285,7,71,282,7,74,282,7,152,225,7,236,282,7,239,282,7,247,279,7,248,273,7,209,172,7,284,121,7,287,113,7,281,109,5,1,14990465,1,8,1655,109,7,1661,113,7,1658,121,7,1582,172,7,1622,273,7,1621,279,7,1612,282,7,1609,282,7,1524,225,7,1448,282,7,1445,282,7,1440,285,7,1435,282,4,1430,276,1432,274,7,1471,171,7,1396,123,7,1394,115,7,1398,109,7,1486,112,7,1522,22,7,1522,18,7,1528,18,7,1530,24,7,1570,111,7,1655,109,8,1312,109,7,1318,113,7,1315,121,7,1238,172,7,1279,273,7,1278,279,7,1270,282,7,1266,282,7,1181,225,7,1104,282,7,1102,282,7,1096,285,7,1092,282,7,1088,274,7,1129,171,7,1051,123,7,1051,115,7,1055,109,7,1142,112,7,1177,22,7,1178,18,7,1183,18,7,1187,24,7,1225,111,7,1312,109,8,968,109,7,973,113,7,972,121,7,894,172,7,935,273,7,935,279,7,925,282,7,923,282,7,839,225,7,762,282,7,758,282,7,751,285,7,749,282,7,745,274,7,785,171,7,709,123,7,707,115,4,707,111,713,109,7,799,112,7,834,22,7,835,18,7,840,18,4,844,18,844,24,7,883,111,7,968,109,8,625,109,7,631,113,7,629,121,7,551,172,7,592,273,7,592,279,7,582,282,7,580,282,7,494,225,7,418,282,7,414,282,7,409,285,7,406,282,7,402,274,7,440,171,7,365,123,4,362,121,364,115,7,368,109,7,455,112,7,491,22,7,492,18,7,497,18,7,499,24,7,539,111,7,625,109,8,281,109,7,287,113,7,284,121,7,209,172,7,248,273,7,247,279,7,239,282,7,236,282,7,152,225,7,74,282,7,71,282,7,66,285,7,62,282,7,59,274,7,98,171,7,23,123,4,19,121,20,115,4,20,111,26,109,7,112,112,7,148,22,7,149,18,7,154,18,7,157,24,7,197,111,7,281,109,5]},{"type":5,"id":50,"frames":[{"objects":[{"type":0,"depth":0,"symbol":49,"clipDepth":0,"id":0,"visible":true,"matrix":[0.499755859375,0,0,0.500213623046875,220,6340]}]}]},{"path":"symbols/49.png","type":0,"id":49},{"hitState":{"type":5,"frames":[{"objects":[{"type":0,"depth":0,"symbol":47,"clipDepth":0,"id":0,"visible":true,"colorTransform":[20,20,20,20,0,0,0,0],"matrix":[1,0,0,1,0,0]}]}]},"type":1,"upState":{"type":5,"frames":[{"objects":[{"type":0,"depth":0,"symbol":44,"clipDepth":0,"id":0,"visible":true,"colorTransform":[20,20,20,20,0,0,0,0],"matrix":[1,0,0,1,0,18]}]}]},"overState":{"type":5,"frames":[{"objects":[{"type":0,"depth":0,"symbol":44,"clipDepth":0,"id":0,"visible":true,"colorTransform":[20,20,20,20,0,0,0,0],"matrix":[1,0,0,1,0,350]}]}]},"id":48,"downState":{"type":5,"frames":[{"objects":[{"type":0,"depth":0,"symbol":46,"clipDepth":0,"id":0,"visible":true,"colorTransform":[20,20,20,20,0,0,0,0],"matrix":[1,0,0,1,0,350]}]}]}},{"type":4,"id":47,"commands":[3,5,1,4944517,0.866666666666667,8,-360,-290,7,4199,-290,7,4199,410,7,-360,410,7,-360,-290,5]},{"type":5,"id":46,"frames":[{"objects":[{"type":0,"depth":0,"symbol":45,"clipDepth":0,"id":0,"visible":true,"matrix":[1,0,0,1,-340,-690]}]}]},{"path":"symbols/45.png","type":0,"id":45,"smooth":false},{"type":5,"id":44,"frames":[{"objects":[{"type":0,"depth":0,"symbol":43,"clipDepth":0,"id":0,"visible":true,"matrix":[1,0,0,1,-340,-690]}]}]},{"path":"symbols/43.png","type":0,"id":43,"smooth":false},{"hitState":{"type":5,"frames":[{"objects":[{"type":0,"depth":0,"symbol":30,"clipDepth":0,"id":0,"visible":true,"colorTransform":[20,20,20,20,0,0,0,0],"matrix":[1,0,0,1,0,0]}]}]},"type":1,"upState":{"type":5,"frames":[{"objects":[{"type":0,"depth":0,"symbol":30,"clipDepth":0,"id":0,"visible":true,"colorTransform":[20,20,20,20,0,0,0,0],"matrix":[1,0,0,1,0,0]}]}]},"overState":{"type":5,"frames":[{"objects":[{"type":0,"depth":0,"symbol":41,"clipDepth":0,"id":0,"visible":true,"colorTransform":[20,20,20,20,0,0,0,0],"matrix":[1,0,0,1,0,0]}]}]},"id":42,"downState":{"type":5,"frames":[{"objects":[{"type":0,"depth":0,"symbol":30,"clipDepth":0,"id":0,"visible":true,"colorTransform":[20,20,20,20,0,0,0,0],"matrix":[1,0,0,1,0,0]}]}]}},{"type":5,"id":41,"frames":[{"objects":[{"name":null,"type":0,"depth":6,"symbol":30,"clipDepth":0,"id":0,"matrix":[1,0,0,1,0,0]}]},{},{"objects":[{"name":null,"type":0,"depth":1,"symbol":32,"clipDepth":0,"id":3,"matrix":[1,0,0,0.153839111328125,-7,-1130]}]},{"objects":[{"name":null,"type":1,"depth":1,"symbol":32,"clipDepth":0,"id":3,"matrix":[1,0,0,0.365371704101563,-7,-1080]}]},{"objects":[{"name":null,"type":1,"depth":1,"symbol":32,"clipDepth":0,"id":3,"matrix":[1,0,0,0.576904296875,-7,-1030]}]},{"objects":[{"name":null,"type":1,"depth":1,"symbol":32,"clipDepth":0,"id":3,"matrix":[1,0,0,0.7884521484375,-7,-980]}]},{"objects":[{"name":null,"type":1,"depth":1,"symbol":32,"clipDepth":0,"id":3,"matrix":[1,0,0,1,-7,-930]}]},{"objects":[{"name":null,"type":1,"depth":1,"symbol":32,"clipDepth":0,"id":3,"matrix":[1,0,0,1,-7,-863]}]},{"objects":[{"name":null,"type":1,"depth":1,"symbol":32,"clipDepth":0,"id":3,"matrix":[1,0,0,1,-7,-797]}]},{"objects":[{"name":null,"type":1,"depth":1,"symbol":32,"clipDepth":0,"id":3,"matrix":[1,0,0,1,-7,-730]}]},{"objects":[{"name":null,"type":1,"depth":1,"symbol":32,"clipDepth":0,"id":3,"matrix":[1,0,0,1,-7,-663]}]},{"objects":[{"name":null,"type":1,"depth":1,"symbol":32,"clipDepth":0,"id":3,"matrix":[1,0,0,1,-7,-597]},{"name":null,"type":0,"depth":2,"symbol":34,"clipDepth":0,"id":22,"matrix":[1,0,0,1,21,-1033]}]},{"objects":[{"name":null,"type":1,"depth":1,"symbol":32,"clipDepth":0,"id":3,"matrix":[1,0,0,1,-7,-530]},{"name":null,"type":1,"depth":2,"symbol":34,"clipDepth":0,"id":22,"matrix":[1,0,0,1,17,-961]}]},{"objects":[{"name":null,"type":1,"depth":2,"symbol":34,"clipDepth":0,"id":22,"matrix":[1,0,0,1,13,-889]}]},{"objects":[{"name":null,"type":1,"depth":2,"symbol":34,"clipDepth":0,"id":22,"matrix":[1,0,0,1,9,-817]}]},{"objects":[{"name":null,"type":1,"depth":2,"symbol":34,"clipDepth":0,"id":22,"matrix":[1,0,0,1,5,-746]}]},{"objects":[{"name":null,"type":1,"depth":2,"symbol":34,"clipDepth":0,"id":22,"matrix":[1,0,0,1,1,-674]}]},{"objects":[{"name":null,"type":1,"depth":2,"symbol":34,"clipDepth":0,"id":22,"matrix":[1,0,0,1,-3,-602]},{"name":null,"type":0,"depth":3,"symbol":36,"clipDepth":0,"id":36,"matrix":[1,0,0,1,-90,-1371]}]},{"objects":[{"name":null,"type":0,"depth":2,"symbol":32,"clipDepth":0,"id":38,"matrix":[1,0,0,1,-7,-530]},{"name":null,"type":1,"depth":3,"symbol":36,"clipDepth":0,"id":36,"matrix":[1,0,0,1,-90,-1259]},{"type":2,"id":22}]},{"objects":[{"name":null,"type":1,"depth":3,"symbol":36,"clipDepth":0,"id":36,"matrix":[1,0,0,1,-90,-1147]}]},{"objects":[{"name":null,"type":1,"depth":3,"symbol":36,"clipDepth":0,"id":36,"matrix":[1,0,0,1,-90,-1035]}]},{"objects":[{"name":null,"type":1,"depth":3,"symbol":36,"clipDepth":0,"id":36,"matrix":[1,0,0,1,-90,-922]}]},{"objects":[{"name":null,"type":1,"depth":3,"symbol":36,"clipDepth":0,"id":36,"matrix":[1,0,0,1,-90,-810]}]},{"objects":[{"name":null,"type":1,"depth":3,"symbol":36,"clipDepth":0,"id":36,"matrix":[1,0,0,1,-90,-698]},{"name":null,"type":0,"depth":4,"symbol":38,"clipDepth":0,"id":51,"matrix":[1,0,0,1,130,-1276]},{"type":2,"id":3}]},{"objects":[{"name":null,"type":1,"depth":3,"symbol":36,"clipDepth":0,"id":36,"matrix":[1,0,0,1,-90,-586]},{"name":null,"type":1,"depth":4,"symbol":38,"clipDepth":0,"id":51,"matrix":[1,0,0,1,130,-1192]}]},{"objects":[{"name":null,"type":1,"depth":4,"symbol":38,"clipDepth":0,"id":51,"matrix":[1,0,0,1,130,-1108]},{"type":2,"id":36}]},{"objects":[{"name":null,"type":1,"depth":4,"symbol":38,"clipDepth":0,"id":51,"matrix":[1,0,0,1,130,-1024]}]},{"objects":[{"name":null,"type":1,"depth":4,"symbol":38,"clipDepth":0,"id":51,"matrix":[1,0,0,1,130,-940]}]},{"objects":[{"name":null,"type":1,"depth":4,"symbol":38,"clipDepth":0,"id":51,"matrix":[1,0,0,1,130,-857]}]},{"objects":[{"name":null,"type":1,"depth":4,"symbol":38,"clipDepth":0,"id":51,"matrix":[1,0,0,1,130,-773]},{"type":2,"id":38}]},{"objects":[{"name":null,"type":1,"depth":4,"symbol":38,"clipDepth":0,"id":51,"matrix":[1,0,0,1,130,-689]}]},{"objects":[{"name":null,"type":1,"depth":4,"symbol":38,"clipDepth":0,"id":51,"matrix":[1,0,0,1,130,-605]},{"name":null,"type":0,"depth":5,"symbol":40,"clipDepth":0,"id":71,"matrix":[1,0,0,1,-125,-1211]}]},{"objects":[{"name":null,"type":0,"depth":1,"symbol":38,"clipDepth":0,"id":74,"matrix":[1,0,0,1,130,-521]},{"name":null,"type":1,"depth":5,"symbol":40,"clipDepth":0,"id":71,"matrix":[1,0,0,1,-125,-1127]},{"type":2,"id":51}]},{"objects":[{"name":null,"type":1,"depth":5,"symbol":40,"clipDepth":0,"id":71,"matrix":[1,0,0,1,-125,-1042]},{"type":2,"id":74}]},{"objects":[{"name":null,"type":1,"depth":5,"symbol":40,"clipDepth":0,"id":71,"matrix":[1,0,0,1,-125,-958]}]},{"objects":[{"name":null,"type":1,"depth":5,"symbol":40,"clipDepth":0,"id":71,"matrix":[1,0,0,1,-125,-873]}]},{"objects":[{"name":null,"type":1,"depth":5,"symbol":40,"clipDepth":0,"id":71,"matrix":[1,0,0,1,-125,-789]}]},{"objects":[{"name":null,"type":1,"depth":5,"symbol":40,"clipDepth":0,"id":71,"matrix":[1,0,0,1,-125,-705]}]},{"objects":[{"name":null,"type":1,"depth":5,"symbol":40,"clipDepth":0,"id":71,"matrix":[1,0,0,1,-125,-620]}]},{"objects":[{"name":null,"type":0,"depth":1,"symbol":40,"clipDepth":0,"id":91,"matrix":[1,0,0,1,-125,-536]},{"type":2,"id":71}]}]},{"type":5,"id":40,"frames":[{"objects":[{"type":0,"depth":0,"symbol":39,"clipDepth":0,"id":0,"visible":true,"matrix":[1,0,0,1,-110,-130]}]}]},{"path":"symbols/39.png","type":0,"id":39},{"type":5,"id":38,"frames":[{"objects":[{"type":0,"depth":0,"symbol":37,"clipDepth":0,"id":0,"visible":true,"matrix":[1,0,0,1,-130,-130]}]}]},{"path":"symbols/37.png","type":0,"id":37},{"type":5,"id":36,"frames":[{"objects":[{"type":0,"depth":0,"symbol":35,"clipDepth":0,"id":0,"visible":true,"matrix":[1,0,0,1,-130,-140]}]}]},{"path":"symbols/35.png","type":0,"id":35},{"type":5,"id":34,"frames":[{"objects":[{"type":0,"depth":0,"symbol":33,"clipDepth":0,"id":0,"visible":true,"matrix":[1,0,0,1,-41,-233]}]}]},{"path":"symbols/33.png","type":0,"id":33},{"type":5,"id":32,"frames":[{"objects":[{"type":0,"depth":0,"symbol":31,"clipDepth":0,"id":0,"visible":true,"matrix":[1,0,0,1,-130,-130]}]}]},{"path":"symbols/31.png","type":0,"id":31},{"type":5,"id":30,"frames":[{"objects":[{"type":0,"depth":0,"symbol":29,"clipDepth":0,"id":0,"visible":true,"matrix":[1,0,0,1,-450,-840]}]}]},{"path":"symbols/29.png","type":0,"id":29,"smooth":false},{"hitState":{"type":5,"frames":[{"objects":[{"type":0,"depth":0,"symbol":19,"clipDepth":0,"id":0,"visible":true,"colorTransform":[20,20,20,20,0,0,0,0],"matrix":[1,0,0,1,-8,0]}]}]},"type":1,"upState":{"type":5,"frames":[{"objects":[{"type":0,"depth":0,"symbol":19,"clipDepth":0,"id":0,"visible":true,"colorTransform":[20,20,20,20,0,0,0,0],"matrix":[1,0,0,1,-155,5]}]}]},"overState":{"type":5,"frames":[{"objects":[{"type":0,"depth":0,"symbol":27,"clipDepth":0,"id":0,"visible":true,"colorTransform":[20,20,20,20,0,0,0,0],"matrix":[1,0,0,1,0,0]}]}]},"id":28,"downState":{"type":5,"frames":[{"objects":[{"type":0,"depth":0,"symbol":19,"clipDepth":0,"id":0,"visible":true,"colorTransform":[20,20,20,20,0,0,0,0],"matrix":[1,0,0,1,-155,5]}]}]}},{"type":5,"className":"ProfilePanel_fla.kalem_24","baseClassName":null,"id":27,"frames":[{"objects":[{"name":null,"type":0,"depth":1,"symbol":19,"clipDepth":0,"id":0,"matrix":[1,0,0,1,-155,5]}]},{},{},{"objects":[{"name":null,"type":0,"depth":1,"symbol":20,"clipDepth":0,"id":4,"matrix":[1,0,0,1,0,0]},{"name":null,"type":0,"depth":2,"symbol":19,"clipDepth":0,"id":5,"matrix":[1,0,0,1,-105,5]},{"type":2,"id":0}]},{"objects":[{"name":null,"type":1,"depth":2,"symbol":19,"clipDepth":0,"id":5,"matrix":[1,0,0,1,-105,-15]}]},{"objects":[{"name":null,"type":0,"depth":2,"symbol":21,"clipDepth":0,"id":10,"matrix":[1,0,0,1,0,0]},{"type":2,"id":5},{"type":2,"id":4}]},{"objects":[{"name":null,"type":0,"depth":1,"symbol":22,"clipDepth":0,"id":12,"matrix":[1,0,0,1,0,0]},{"name":null,"type":0,"depth":2,"symbol":19,"clipDepth":0,"id":13,"matrix":[1,0,0,1,-40,-40]},{"type":2,"id":10}]},{"objects":[{"name":null,"type":1,"depth":2,"symbol":19,"clipDepth":0,"id":13,"matrix":[1,0,0,1,0,0]}]},{"objects":[{"name":null,"type":0,"depth":2,"symbol":23,"clipDepth":0,"id":18,"matrix":[1,0,0,1,0,0]},{"type":2,"id":13},{"type":2,"id":12}]},{"objects":[{"name":null,"type":0,"depth":2,"symbol":24,"clipDepth":0,"id":20,"matrix":[1,0,0,1,0,0]},{"type":2,"id":18}]},{"objects":[{"name":null,"type":0,"depth":2,"symbol":25,"clipDepth":0,"id":22,"matrix":[1,0,0,1,0,0]},{"type":2,"id":20}]},{"scriptSource":"\nthis.stop();","objects":[{"name":null,"type":0,"depth":2,"symbol":26,"clipDepth":0,"id":24,"matrix":[1,0,0,1,0,0]},{"type":2,"id":22}]}]},{"type":4,"id":26,"commands":[3,5,1,16711935,1,8,-165,-75,7,-163,-73,7,-161,-65,7,-162,-59,7,-128,-60,7,-127,-59,7,-126,-67,7,-201,-180,7,-200,-190,4,-189,-190,-175,-178,4,-125,-170,-81,-141,4,-34,-109,-11,-66,7,-13,-62,7,71,-66,7,77,-81,4,87,-102,87,-133,7,102,-137,7,160,-196,4,172,-194,172,-179,7,180,-186,7,195,-158,7,203,-128,7,205,-125,7,230,-143,4,258,-161,277,-161,7,290,-160,7,292,-148,4,292,-140,205,-91,4,190,-91,177,-128,7,167,-165,7,145,-136,7,112,-102,4,112,-36,82,-36,7,71,-38,7,68,-40,7,68,-41,7,-10,-41,4,-19,-47,-20,-56,7,-25,-56,7,-130,-129,4,-101,-90,-101,-65,7,-103,-45,4,-110,-31,-132,-31,4,-148,-31,-158,-37,7,-166,-46,7,-166,-54,7,-169,-52,7,-185,-46,7,-245,-46,7,-253,-50,7,-256,-61,4,-256,-69,-252,-70,7,-245,-71,7,-165,-75,5,3,5,0,18,[1,0,0,1,110,-855],false,true,8,110,-855,7,810,-855,7,810,-55,7,110,-55,7,110,-855,5]},{"type":4,"id":25,"commands":[3,5,1,16711935,1,8,-165,-75,7,-163,-73,7,-161,-65,7,-162,-59,7,-128,-60,7,-127,-59,7,-126,-67,7,-201,-180,7,-200,-190,4,-189,-190,-175,-178,4,-125,-170,-81,-141,4,-34,-109,-11,-66,7,-13,-62,7,71,-66,7,77,-81,4,87,-102,87,-133,4,106,-143,110,-128,7,112,-103,4,112,-36,82,-36,7,71,-38,7,68,-40,7,68,-41,7,-10,-41,4,-19,-47,-20,-56,7,-25,-56,7,-130,-129,4,-101,-90,-101,-65,7,-103,-45,4,-110,-31,-132,-31,4,-148,-31,-158,-37,7,-166,-46,7,-166,-54,7,-169,-52,7,-185,-46,7,-245,-46,7,-253,-50,7,-256,-61,4,-256,-69,-252,-70,7,-245,-71,7,-165,-75,5,3,5,0,18,[1,0,0,1,-40,-855],false,true,8,-40,-855,7,660,-855,7,660,-55,7,-40,-55,7,-40,-855,5]},{"type":4,"id":24,"commands":[3,5,1,16711935,1,8,-165,-75,7,-163,-73,7,-161,-65,7,-162,-59,7,-128,-60,7,-127,-59,7,-126,-67,7,-201,-180,7,-200,-190,4,-189,-190,-175,-178,4,-125,-170,-81,-141,4,-34,-109,-11,-66,7,-13,-62,7,90,-66,7,98,-65,7,102,-55,7,98,-44,7,90,-41,7,-10,-41,4,-19,-47,-20,-56,7,-25,-56,7,-130,-129,4,-101,-90,-101,-65,7,-103,-45,4,-110,-31,-132,-31,4,-148,-31,-158,-37,7,-166,-46,7,-166,-54,7,-169,-52,7,-185,-46,7,-245,-46,7,-253,-50,7,-256,-61,4,-256,-69,-252,-70,7,-245,-71,7,-165,-75,5,3,5,0,18,[1,0,0,1,-90,-805],false,true,8,-90,-805,7,610,-805,7,610,-5,7,-90,-5,7,-90,-805,5]},{"type":4,"id":23,"commands":[3,5,1,16711935,1,8,-165,-75,7,-163,-73,7,-161,-65,7,-162,-59,7,-128,-60,7,-127,-59,7,-126,-67,7,-201,-180,7,-200,-190,4,-189,-190,-175,-178,4,-125,-170,-81,-141,4,-34,-109,-11,-66,7,-15,-60,4,-17,-56,-25,-56,7,-130,-129,4,-101,-90,-101,-65,7,-103,-45,4,-110,-31,-132,-31,4,-148,-31,-158,-37,7,-166,-46,7,-166,-54,7,-169,-52,7,-185,-46,7,-245,-46,7,-253,-50,7,-256,-61,4,-256,-69,-252,-70,7,-245,-71,7,-165,-75,5,3,5,0,18,[1,0,0,1,-140,-805],false,true,8,-140,-805,7,560,-805,7,560,-5,7,-140,-5,7,-140,-805,5]},{"type":4,"id":22,"commands":[3,5,1,16711935,1,8,-165,-75,7,-163,-73,7,-161,-65,7,-162,-59,7,-128,-60,7,-127,-59,7,-126,-67,7,-201,-180,7,-200,-190,4,-189,-190,-175,-178,4,-125,-170,-81,-141,4,-34,-109,-11,-66,7,-15,-60,4,-17,-56,-25,-56,7,-130,-129,4,-101,-90,-101,-65,7,-103,-45,4,-110,-31,-132,-31,4,-148,-31,-158,-37,7,-166,-46,7,-166,-54,7,-169,-52,7,-185,-46,7,-245,-46,7,-253,-50,7,-256,-61,4,-256,-69,-252,-70,7,-245,-71,7,-165,-75,5]},{"type":5,"className":"org.oyunstudyosu.sanalika.panels.profile.Slot","baseClassName":null,"id":133,"frames":[{"objects":[{"name":"container","type":0,"depth":1,"symbol":131,"clipDepth":0,"id":0,"matrix":[1,0,0,1,40,40]},{"name":"lbl","type":0,"depth":3,"symbol":132,"clipDepth":0,"id":1,"matrix":[1,0,0,1,160,480]}]}]},{"type":4,"id":21,"commands":[3,5,1,10027263,1,8,-165,-75,7,-163,-73,7,-161,-65,7,-162,-59,7,-128,-60,7,-127,-59,7,-126,-67,7,-201,-180,7,-200,-190,4,-177,-189,-139,-141,4,-101,-93,-101,-65,7,-103,-45,4,-110,-31,-132,-31,4,-148,-31,-158,-37,7,-166,-46,7,-166,-54,7,-169,-52,7,-185,-46,7,-245,-46,7,-253,-50,7,-256,-61,4,-256,-69,-252,-70,7,-245,-71,7,-165,-75,5,3,5,0,18,[1,0,0,1,-320,-870],false,true,8,-320,-870,7,380,-870,7,380,-70,7,-320,-70,7,-320,-870,5]},{"selectable":false,"html":true,"password":false,"color":-587202560,"fontName":"Co Text Bold","rect":[-40,-40,680,429],"text":"<p align=\"right\"></p>","type":2,"border":false,"leftMargin":0,"fontID":8,"id":132,"wordWrap":false,"leading":40,"indent":0,"multiline":false,"align":"right","rightMargin":0,"fontHeight":200,"input":false},{"type":4,"id":20,"commands":[3,5,1,10027263,1,8,-165,-75,7,-163,-73,7,-161,-65,4,-161,-56,-169,-52,7,-185,-46,7,-245,-46,7,-253,-50,7,-256,-61,4,-256,-69,-252,-70,7,-245,-71,7,-165,-75,5]},{"type":5,"id":131,"frames":[{}]},{"type":5,"id":19,"frames":[{"objects":[{"type":0,"depth":0,"symbol":18,"clipDepth":0,"id":0,"visible":true,"matrix":[1,0,0,1,-195,-805]}]}]},{"type":5,"className":"org.oyunstudyosu.sanalika.buttons.Arrow","baseClassName":null,"id":130,"frames":[{"scriptSource":"\nthis.stop();","objects":[{"name":null,"type":0,"depth":1,"symbol":126,"clipDepth":0,"id":0,"matrix":[1,0,0,1,0,0]},{"name":null,"type":0,"depth":3,"symbol":127,"clipDepth":0,"id":1,"matrix":[1,0,0,1,0,0]}]},{"objects":[{"name":null,"type":0,"depth":2,"symbol":128,"clipDepth":0,"id":3,"matrix":[1,0,0,1,0,0]}]},{"objects":[{"name":null,"type":0,"depth":2,"symbol":129,"clipDepth":0,"id":6,"matrix":[1,0,0,1,0,0]},{"type":2,"id":3},{"type":2,"id":1}]}]},{"path":"symbols/18.png","type":0,"id":18},{"type":4,"id":129,"commands":[3,5,1,6856504,1,8,-399,80,4,-425,42,-425,1,4,61,362,258,250,4,246,303,229,336,4,180,399,9,343,7,10,343,4,-173,284,-317,169,4,-372,121,-399,80,5,1,11457921,1,8,229,-328,4,243,-301,253,-262,4,-45,-291,-424,-15,4,-420,-47,-398,-81,7,-398,-82,4,-373,-123,-315,-175,4,-172,-286,10,-346,7,9,-346,4,182,-400,229,-328,5]},{"selectable":true,"password":false,"color":-587202560,"fontName":"Co Text Bold","rect":[-40,-11,4000,2040],"type":2,"border":true,"leftMargin":0,"fontID":8,"id":17,"wordWrap":true,"leading":-80,"indent":0,"multiline":true,"align":"left","rightMargin":0,"fontHeight":220,"input":true},{"type":4,"id":128,"commands":[3,5,1,16777215,0.2,8,-399,-80,4,-372,-121,-317,-169,4,-173,-284,10,-343,7,9,-343,4,180,-399,229,-336,4,276,-246,276,-15,7,276,17,4,276,238,229,328,4,182,400,9,346,7,10,346,4,-172,286,-315,175,4,-373,123,-398,82,7,-398,81,4,-452,-3,-399,-80,5]},{"selectable":false,"html":true,"password":false,"color":-570973184,"fontName":"Co Text Bold","rect":[1274,-49,3740,464],"text":"<p align=\"left\"><font face=\"Co Text Bold\" size=\"11\" color=\"#f7a400\" letterSpacing=\"0.00\" kerning=\"0\"><b>Team</b></font></p>","type":2,"border":false,"leftMargin":0,"fontID":8,"id":16,"wordWrap":false,"leading":-40,"indent":0,"multiline":false,"align":"left","rightMargin":0,"fontHeight":220,"input":false},{"type":4,"id":127,"commands":[3,5,1,11457921,1,8,229,328,4,182,400,9,346,7,10,346,4,-172,286,-315,175,4,-373,123,-398,82,7,-398,81,4,-420,47,-424,15,4,-45,291,253,262,4,243,301,229,328,5,1,6856504,1,8,-399,-80,4,-372,-121,-317,-169,4,-173,-284,10,-343,7,9,-343,4,180,-399,229,-336,4,246,-303,258,-250,4,61,-362,-425,-1,4,-425,-42,-399,-80,5]},{"selectable":false,"html":true,"password":false,"color":-8684677,"fontName":"Co Text Bold","rect":[2114,-78,1720,429],"text":"<p align=\"center\"></p>","type":2,"border":false,"leftMargin":0,"fontID":8,"id":15,"wordWrap":false,"leading":0,"indent":0,"multiline":false,"align":"center","rightMargin":0,"fontHeight":200,"input":false},{"type":4,"id":126,"commands":[3,5,1,9159498,1,8,-399,-80,4,-372,-121,-317,-169,4,-173,-284,10,-343,7,9,-343,4,180,-399,229,-336,4,276,-246,276,-15,7,276,17,4,276,238,229,328,4,182,400,9,346,7,10,346,4,-172,286,-315,175,4,-373,123,-398,82,7,-398,81,4,-452,-3,-399,-80,5]},{"selectable":false,"html":true,"password":false,"color":-587176448,"fontName":"Co Text Bold","rect":[1274,-49,4610,464],"text":"<p align=\"left\"></p>","type":2,"border":false,"leftMargin":0,"fontID":8,"id":14,"wordWrap":false,"leading":-40,"indent":0,"multiline":false,"align":"left","rightMargin":0,"fontHeight":220,"input":false},{"type":5,"className":"org.oyunstudyosu.sanalika.panels.profile.ProfileBadge","baseClassName":null,"id":125,"frames":[{"objects":[{"name":"background","type":0,"depth":1,"symbol":2,"clipDepth":0,"id":0,"filters":[[1,[1,0,0,0,-20,0,1,0,0,-20,0,0,1,0,-20,0,0,0,1,0]]],"colorTransform":[20,20,20,16,0,0,0,0],"matrix":[0.698562622070313,0,0,1.01763916015625,-180,-4419]},{"name":null,"type":0,"depth":3,"symbol":3,"clipDepth":0,"id":1,"colorTransform":[20,20,20,16,0,0,0,0],"matrix":[1,0,0,1,960,-800]},{"name":null,"type":0,"depth":4,"symbol":3,"clipDepth":0,"id":2,"colorTransform":[20,20,20,16,0,0,0,0],"matrix":[1,0,0,1,0,-800]},{"name":null,"type":0,"depth":5,"symbol":3,"clipDepth":0,"id":3,"colorTransform":[20,20,20,16,0,0,0,0],"matrix":[1,0,0,1,2880,-800]},{"name":null,"type":0,"depth":6,"symbol":3,"clipDepth":0,"id":4,"colorTransform":[20,20,20,16,0,0,0,0],"matrix":[1,0,0,1,1920,-800]},{"name":null,"type":0,"depth":7,"symbol":3,"clipDepth":0,"id":5,"colorTransform":[20,20,20,16,0,0,0,0],"matrix":[1,0,0,1,3840,-800]},{"name":null,"type":0,"depth":8,"symbol":3,"clipDepth":0,"id":6,"colorTransform":[20,20,20,16,0,0,0,0],"matrix":[1,0,0,1,960,-1680]},{"name":null,"type":0,"depth":9,"symbol":3,"clipDepth":0,"id":7,"colorTransform":[20,20,20,16,0,0,0,0],"matrix":[1,0,0,1,0,-1680]},{"name":null,"type":0,"depth":10,"symbol":3,"clipDepth":0,"id":8,"colorTransform":[20,20,20,16,0,0,0,0],"matrix":[1,0,0,1,2880,-1680]},{"name":null,"type":0,"depth":11,"symbol":3,"clipDepth":0,"id":9,"colorTransform":[20,20,20,16,0,0,0,0],"matrix":[1,0,0,1,1920,-1680]},{"name":null,"type":0,"depth":12,"symbol":3,"clipDepth":0,"id":10,"colorTransform":[20,20,20,16,0,0,0,0],"matrix":[1,0,0,1,3840,-1680]},{"name":null,"type":0,"depth":13,"symbol":3,"clipDepth":0,"id":11,"colorTransform":[20,20,20,16,0,0,0,0],"matrix":[1,0,0,1,960,-2560]},{"name":null,"type":0,"depth":14,"symbol":3,"clipDepth":0,"id":12,"colorTransform":[20,20,20,16,0,0,0,0],"matrix":[1,0,0,1,0,-2560]},{"name":null,"type":0,"depth":15,"symbol":3,"clipDepth":0,"id":13,"colorTransform":[20,20,20,16,0,0,0,0],"matrix":[1,0,0,1,2880,-2560]},{"name":null,"type":0,"depth":16,"symbol":3,"clipDepth":0,"id":14,"colorTransform":[20,20,20,16,0,0,0,0],"matrix":[1,0,0,1,1920,-2560]},{"name":null,"type":0,"depth":17,"symbol":3,"clipDepth":0,"id":15,"colorTransform":[20,20,20,16,0,0,0,0],"matrix":[1,0,0,1,3840,-2560]},{"name":null,"type":0,"depth":18,"symbol":3,"clipDepth":0,"id":16,"colorTransform":[20,20,20,16,0,0,0,0],"matrix":[1,0,0,1,960,-3440]},{"name":null,"type":0,"depth":19,"symbol":3,"clipDepth":0,"id":17,"colorTransform":[20,20,20,16,0,0,0,0],"matrix":[1,0,0,1,0,-3440]},{"name":null,"type":0,"depth":20,"symbol":3,"clipDepth":0,"id":18,"colorTransform":[20,20,20,16,0,0,0,0],"matrix":[1,0,0,1,2880,-3440]},{"name":null,"type":0,"depth":21,"symbol":3,"clipDepth":0,"id":19,"colorTransform":[20,20,20,16,0,0,0,0],"matrix":[1,0,0,1,1920,-3440]},{"name":null,"type":0,"depth":22,"symbol":3,"clipDepth":0,"id":20,"colorTransform":[20,20,20,16,0,0,0,0],"matrix":[1,0,0,1,3840,-3440]},{"name":null,"type":0,"depth":23,"symbol":3,"clipDepth":0,"id":21,"colorTransform":[20,20,20,16,0,0,0,0],"matrix":[1,0,0,1,960,-4320]},{"name":null,"type":0,"depth":24,"symbol":3,"clipDepth":0,"id":22,"colorTransform":[20,20,20,16,0,0,0,0],"matrix":[1,0,0,1,0,-4320]},{"name":null,"type":0,"depth":25,"symbol":3,"clipDepth":0,"id":23,"colorTransform":[20,20,20,16,0,0,0,0],"matrix":[1,0,0,1,2880,-4320]},{"name":null,"type":0,"depth":26,"symbol":3,"clipDepth":0,"id":24,"colorTransform":[20,20,20,16,0,0,0,0],"matrix":[1,0,0,1,1920,-4320]},{"name":null,"type":0,"depth":27,"symbol":3,"clipDepth":0,"id":25,"colorTransform":[20,20,20,16,0,0,0,0],"matrix":[1,0,0,1,3840,-4320]},{"name":"container","type":0,"depth":28,"symbol":4,"clipDepth":0,"id":26,"matrix":[1,0,0,1,0,-800]}]}]},{"selectable":false,"html":true,"password":false,"color":-582258043,"fontName":"Co Text Bold","rect":[1274,-49,3740,464],"text":"<p align=\"left\"><font face=\"Co Text Bold\" size=\"11\" color=\"#4b7285\" letterSpacing=\"0.00\" kerning=\"0\"><b>Home</b></font></p>","type":2,"border":false,"leftMargin":0,"fontID":8,"id":13,"wordWrap":false,"leading":-40,"indent":0,"multiline":false,"align":"left","rightMargin":0,"fontHeight":220,"input":false},{"type":5,"className":"org.oyunstudyosu.sanalika.panels.profile.ProfileMenu","baseClassName":null,"id":124,"frames":[{"objects":[{"name":"background","type":0,"depth":1,"symbol":2,"clipDepth":0,"id":0,"filters":[[1,[1,0,0,0,-20,0,1,0,0,-20,0,0,1,0,-20,0,0,0,1,0]]],"colorTransform":[20,20,20,16,0,0,0,0],"matrix":[0.51910400390625,0,0,1.26539611816406,0,0]},{"name":"whisperButton","type":0,"depth":3,"symbol":88,"clipDepth":0,"id":1,"matrix":[1,0,0,1,79,59]},{"name":"tradeButton","type":0,"depth":5,"symbol":92,"clipDepth":0,"id":2,"matrix":[1,0,0,0.999984741210938,79,866]},{"name":"addFriendButton","type":0,"depth":9,"symbol":97,"clipDepth":0,"id":3,"matrix":[0.999984741210938,0,0,0.999984741210938,79,1639]},{"name":"unBlockUserButton","type":0,"depth":14,"symbol":101,"clipDepth":0,"id":4,"matrix":[0.999984741210938,0,0,0.999984741210938,79,2472]},{"name":"kickUserFromHomeButton","type":0,"depth":18,"symbol":105,"clipDepth":0,"id":5,"matrix":[1,0,0,0.999984741210938,79,3275]},{"name":"banButton","type":0,"depth":21,"symbol":110,"clipDepth":0,"id":6,"matrix":[1,0,0,0.999984741210938,79,4883]},{"name":"noticeButton","type":0,"depth":25,"symbol":114,"clipDepth":0,"id":7,"matrix":[1,0,0,1,79,4078]},{"name":"requestFriendButton","type":0,"depth":29,"symbol":117,"clipDepth":0,"id":8,"matrix":[0.999984741210938,0,0,0.999984741210938,119,1640]},{"name":"removeFriendButton","type":0,"depth":34,"symbol":120,"clipDepth":0,"id":9,"matrix":[0.999984741210938,0,0,0.999984741210938,129,1640]},{"name":"blockUserButton","type":0,"depth":39,"symbol":123,"clipDepth":0,"id":10,"matrix":[1,0,0,0.999984741210938,79,2472]}]}]},{"selectable":false,"html":true,"password":false,"color":-587202560,"fontName":"Co Text Bold","rect":[1014,-78,2820,499],"text":"<p align=\"left\"></p>","type":2,"border":false,"leftMargin":0,"fontID":8,"id":12,"wordWrap":false,"leading":0,"indent":0,"multiline":false,"align":"left","rightMargin":0,"fontHeight":240,"input":false},{"hitState":{"type":5,"frames":[{"objects":[{"type":0,"depth":0,"symbol":122,"clipDepth":0,"id":0,"visible":true,"colorTransform":[20,20,20,20,0,0,0,0],"matrix":[1,0,0,1,0,0]}]}]},"type":1,"upState":{"type":5,"frames":[{"objects":[{"type":0,"depth":0,"symbol":122,"clipDepth":0,"id":0,"visible":true,"colorTransform":[20,20,20,20,0,0,0,0],"matrix":[1,0,0,1,0,0]}]}]},"overState":{"type":5,"frames":[{"objects":[{"type":0,"depth":0,"symbol":122,"clipDepth":0,"id":0,"visible":true,"colorTransform":[20,20,20,20,0,0,0,0],"matrix":[1,0,0,1,0,0]}]}]},"id":123,"downState":{"type":5,"frames":[{"objects":[{"type":0,"depth":0,"symbol":122,"clipDepth":0,"id":0,"visible":true,"colorTransform":[20,20,20,20,0,0,0,0],"matrix":[1,0,0,1,0,0]}]}]}},{"selectable":false,"html":true,"password":false,"color":-587202560,"fontName":"Co Text Bold","rect":[1014,-78,2820,499],"text":"<p align=\"left\"></p>","type":2,"border":false,"leftMargin":0,"fontID":8,"id":11,"wordWrap":false,"leading":0,"indent":0,"multiline":false,"align":"left","rightMargin":0,"fontHeight":240,"input":false},{"type":4,"id":122,"commands":[3,5,1,13158,0,8,0,0,7,900,0,7,900,760,7,0,760,7,0,0,5,3,5,0,99,[0.79998779296875,0,0,0.79998779296875,20,0],false,true,8,20,0,7,868,0,7,868,752,7,20,752,7,20,0,5,3,5,0,121,[0.847976684570313,0,0,0.847976684570313,180,40],false,true,8,180,40,7,791,40,7,791,634,7,180,634,7,180,40,5]},{"selectable":false,"password":false,"color":-587202560,"fontName":"Co Text Bold","rect":[1014,-49,4000,1990],"type":2,"border":false,"leftMargin":0,"fontID":8,"id":10,"wordWrap":true,"leading":-40,"indent":0,"multiline":true,"align":"left","rightMargin":0,"fontHeight":240,"input":false},{"path":"symbols/121.png","type":0,"id":121},{"selectable":false,"html":true,"password":false,"color":-587202560,"fontName":"Co Text Bold","rect":[1014,-78,2820,569],"text":"<p align=\"left\"></p>","type":2,"border":false,"leftMargin":0,"fontID":8,"id":9,"wordWrap":false,"leading":0,"indent":0,"multiline":false,"align":"left","rightMargin":0,"fontHeight":280,"input":false},{"hitState":{"type":5,"frames":[{"objects":[{"type":0,"depth":0,"symbol":119,"clipDepth":0,"id":0,"visible":true,"colorTransform":[20,20,20,20,0,0,0,0],"matrix":[1,0,0,1,0,0]}]}]},"type":1,"upState":{"type":5,"frames":[{"objects":[{"type":0,"depth":0,"symbol":119,"clipDepth":0,"id":0,"visible":true,"colorTransform":[20,20,20,20,0,0,0,0],"matrix":[1,0,0,1,0,0]}]}]},"overState":{"type":5,"frames":[{"objects":[{"type":0,"depth":0,"symbol":119,"clipDepth":0,"id":0,"visible":true,"colorTransform":[20,20,20,20,0,0,0,0],"matrix":[1,0,0,1,0,0]}]}]},"id":120,"downState":{"type":5,"frames":[{"objects":[{"type":0,"depth":0,"symbol":119,"clipDepth":0,"id":0,"visible":true,"colorTransform":[20,20,20,20,0,0,0,0],"matrix":[1,0,0,1,0,0]}]}]}},{"type":4,"id":119,"commands":[3,5,1,13158,0,8,0,0,7,900,0,7,900,760,7,0,760,7,0,0,5,3,5,0,95,[0.79998779296875,0,0,0.79998779296875,-100,80],false,true,8,-100,80,7,444,80,7,444,608,7,-100,608,7,-100,80,5,3,5,0,94,[0.79998779296875,0,0,0.79998779296875,260,120],false,true,8,260,120,7,852,120,7,852,648,7,260,648,7,260,120,5,3,5,0,118,[0.79998779296875,0,0,0.79998779296875,660,440],false,true,8,660,440,7,1092,440,7,1092,648,7,660,648,7,660,440,5]},{"type":5,"id":7,"scale9Grid":[360,173,400,90],"frames":[{"objects":[{"name":null,"type":0,"depth":1,"symbol":6,"clipDepth":0,"id":0,"matrix":[1,0,0,1,0,0]}]}]},{"path":"symbols/118.png","type":0,"id":118},{"type":4,"id":6,"commands":[3,5,1,16711666,1,8,1198,160,7,1199,172,7,1200,193,7,1200,254,7,1200,264,7,1198,283,4,1194,315,1179,343,4,1165,368,1143,390,4,1087,447,1007,447,7,761,447,7,359,447,7,193,447,4,113,447,56,390,4,4,338,1,265,7,0,256,7,0,254,7,0,193,7,2,168,7,2,167,4,5,138,16,114,4,31,82,57,56,4,72,41,90,29,4,135,0,193,0,7,359,0,7,761,0,7,1007,0,4,1065,0,1110,29,7,1142,56,4,1187,101,1198,160,5]},{"hitState":{"type":5,"frames":[{"objects":[{"type":0,"depth":0,"symbol":116,"clipDepth":0,"id":0,"visible":true,"colorTransform":[20,20,20,20,0,0,0,0],"matrix":[1,0,0,1,0,0]}]}]},"type":1,"upState":{"type":5,"frames":[{"objects":[{"type":0,"depth":0,"symbol":116,"clipDepth":0,"id":0,"visible":true,"colorTransform":[20,20,20,20,0,0,0,0],"matrix":[1,0,0,1,0,0]}]}]},"overState":{"type":5,"frames":[{"objects":[{"type":0,"depth":0,"symbol":116,"clipDepth":0,"id":0,"visible":true,"colorTransform":[20,20,20,20,0,0,0,0],"matrix":[1,0,0,1,0,0]}]}]},"id":117,"downState":{"type":5,"frames":[{"objects":[{"type":0,"depth":0,"symbol":116,"clipDepth":0,"id":0,"visible":true,"colorTransform":[20,20,20,20,0,0,0,0],"matrix":[1,0,0,1,0,0]}]}]}},{"type":5,"className":"org.oyunstudyosu.sanalika.panels.profile.ProfileSticker","baseClassName":null,"id":5,"frames":[{"objects":[{"name":"background","type":0,"depth":1,"symbol":2,"clipDepth":0,"id":0,"filters":[[1,[1,0,0,0,-20,0,1,0,0,-20,0,0,1,0,-20,0,0,0,1,0]]],"colorTransform":[20,20,20,16,0,0,0,0],"matrix":[0.507034301757813,0,0,1.16802978515625,0,0]},{"name":null,"type":0,"depth":3,"symbol":3,"clipDepth":0,"id":1,"colorTransform":[20,20,20,16,0,0,0,0],"matrix":[1,0,0,1,80,80]},{"name":null,"type":0,"depth":4,"symbol":3,"clipDepth":0,"id":2,"colorTransform":[20,20,20,14,0,0,0,0],"matrix":[1,0,0,1,80,940]},{"name":null,"type":0,"depth":5,"symbol":3,"clipDepth":0,"id":3,"colorTransform":[20,20,20,12,0,0,0,0],"matrix":[1,0,0,1,80,1800]},{"name":null,"type":0,"depth":6,"symbol":3,"clipDepth":0,"id":4,"colorTransform":[20,20,20,10,0,0,0,0],"matrix":[1,0,0,1,80,2660]},{"name":null,"type":0,"depth":7,"symbol":3,"clipDepth":0,"id":5,"colorTransform":[20,20,20,8,0,0,0,0],"matrix":[1,0,0,1,80,3520]},{"name":null,"type":0,"depth":8,"symbol":3,"clipDepth":0,"id":6,"colorTransform":[20,20,20,6,0,0,0,0],"matrix":[1,0,0,1,80,4380]},{"name":null,"type":0,"depth":9,"symbol":3,"clipDepth":0,"id":7,"colorTransform":[20,20,20,16,0,0,0,0],"matrix":[1,0,0,1,960,80]},{"name":null,"type":0,"depth":10,"symbol":3,"clipDepth":0,"id":8,"colorTransform":[20,20,20,14,0,0,0,0],"matrix":[1,0,0,1,960,940]},{"name":null,"type":0,"depth":11,"symbol":3,"clipDepth":0,"id":9,"colorTransform":[20,20,20,12,0,0,0,0],"matrix":[1,0,0,1,960,1800]},{"name":null,"type":0,"depth":12,"symbol":3,"clipDepth":0,"id":10,"colorTransform":[20,20,20,10,0,0,0,0],"matrix":[1,0,0,1,960,2660]},{"name":null,"type":0,"depth":13,"symbol":3,"clipDepth":0,"id":11,"colorTransform":[20,20,20,8,0,0,0,0],"matrix":[1,0,0,1,960,3520]},{"name":null,"type":0,"depth":14,"symbol":3,"clipDepth":0,"id":12,"colorTransform":[20,20,20,6,0,0,0,0],"matrix":[1,0,0,1,940,4380]},{"name":null,"type":0,"depth":15,"symbol":3,"clipDepth":0,"id":13,"colorTransform":[20,20,20,16,0,0,0,0],"matrix":[1,0,0,1,1840,80]},{"name":null,"type":0,"depth":16,"symbol":3,"clipDepth":0,"id":14,"colorTransform":[20,20,20,14,0,0,0,0],"matrix":[1,0,0,1,1840,940]},{"name":null,"type":0,"depth":17,"symbol":3,"clipDepth":0,"id":15,"colorTransform":[20,20,20,12,0,0,0,0],"matrix":[1,0,0,1,1840,1800]},{"name":null,"type":0,"depth":18,"symbol":3,"clipDepth":0,"id":16,"colorTransform":[20,20,20,10,0,0,0,0],"matrix":[1,0,0,1,1840,2660]},{"name":null,"type":0,"depth":19,"symbol":3,"clipDepth":0,"id":17,"colorTransform":[20,20,20,8,0,0,0,0],"matrix":[1,0,0,1,1840,3520]},{"name":null,"type":0,"depth":20,"symbol":3,"clipDepth":0,"id":18,"colorTransform":[20,20,20,6,0,0,0,0],"matrix":[1,0,0,1,1840,4380]},{"name":null,"type":0,"depth":21,"symbol":3,"clipDepth":0,"id":19,"colorTransform":[20,20,20,14,0,0,0,0],"matrix":[1,0,0,1,2720,940]},{"name":null,"type":0,"depth":22,"symbol":3,"clipDepth":0,"id":20,"colorTransform":[20,20,20,12,0,0,0,0],"matrix":[1,0,0,1,2720,1800]},{"name":null,"type":0,"depth":23,"symbol":3,"clipDepth":0,"id":21,"colorTransform":[20,20,20,10,0,0,0,0],"matrix":[1,0,0,1,2720,2660]},{"name":null,"type":0,"depth":24,"symbol":3,"clipDepth":0,"id":22,"colorTransform":[20,20,20,8,0,0,0,0],"matrix":[1,0,0,1,2720,3520]},{"name":null,"type":0,"depth":25,"symbol":3,"clipDepth":0,"id":23,"colorTransform":[20,20,20,6,0,0,0,0],"matrix":[1,0,0,1,2700,4380]},{"name":null,"type":0,"depth":26,"symbol":3,"clipDepth":0,"id":24,"colorTransform":[20,20,20,16,0,0,0,0],"matrix":[1,0,0,1,2720,82]},{"name":"container","type":0,"depth":27,"symbol":4,"clipDepth":0,"id":25,"matrix":[1,0,0,1,80,80]}]}]},{"type":5,"id":4,"frames":[{}]},{"type":4,"id":116,"commands":[3,5,1,13158,0,8,0,0,7,900,0,7,900,760,7,0,760,7,0,0,5,3,5,0,95,[0.79998779296875,0,0,0.79998779296875,-100,80],false,true,8,-100,80,7,444,80,7,444,608,7,-100,608,7,-100,80,5,3,5,0,94,[0.79998779296875,0,0,0.79998779296875,260,140],false,true,8,260,140,7,852,140,7,852,668,7,260,668,7,260,140,5,3,5,0,115,[0.79998779296875,0,0,0.79998779296875,600,380],false,true,8,600,380,7,1000,380,7,1000,780,7,600,780,7,600,380,5]},{"type":4,"id":3,"commands":[3,5,1,16777215,1,8,160,0,7,640,0,4,800,0,800,160,7,800,640,4,800,800,640,800,7,160,800,4,0,800,0,640,7,0,160,4,0,0,160,0,5]},{"path":"symbols/115.png","type":0,"id":115},{"type":5,"id":2,"scale9Grid":[493,480,5985,3576],"frames":[{"objects":[{"name":null,"type":0,"depth":1,"symbol":1,"clipDepth":0,"id":0,"matrix":[1,0,0,1,0,0]}]}]},{"hitState":{"type":5,"frames":[{"objects":[{"type":0,"depth":0,"symbol":113,"clipDepth":0,"id":0,"visible":true,"colorTransform":[20,20,20,20,0,0,0,0],"matrix":[1,0,0,1,0,0]}]}]},"type":1,"upState":{"type":5,"frames":[{"objects":[{"type":0,"depth":0,"symbol":113,"clipDepth":0,"id":0,"visible":true,"colorTransform":[20,20,20,20,0,0,0,0],"matrix":[1,0,0,1,0,0]}]}]},"overState":{"type":5,"frames":[{"objects":[{"type":0,"depth":0,"symbol":113,"clipDepth":0,"id":0,"visible":true,"colorTransform":[20,20,20,20,0,0,0,0],"matrix":[1,0,0,1,0,0]}]}]},"id":114,"downState":{"type":5,"frames":[{"objects":[{"type":0,"depth":0,"symbol":113,"clipDepth":0,"id":0,"visible":true,"colorTransform":[20,20,20,20,0,0,0,0],"matrix":[1,0,0,1,0,0]}]}]}},{"type":4,"id":1,"commands":[3,5,1,16119285,1,8,200,0,7,492,0,7,6479,0,7,6900,0,4,7100,0,7100,200,7,7100,479,7,7100,4057,7,7100,4320,4,7100,4520,6900,4520,7,6479,4520,7,492,4520,7,200,4520,4,0,4520,0,4320,7,0,4057,7,0,479,7,0,200,4,0,0,200,0,5]},{"type":4,"id":113,"commands":[3,5,1,13158,0,8,0,0,7,900,0,7,900,760,7,0,760,7,0,0,5,3,5,0,112,[0.79998779296875,0,0,0.79998779296875,80,40],false,false,8,80,40,7,848,40,7,848,712,7,80,712,7,80,40,5,3,5,0,111,[0.79998779296875,0,0,0.79998779296875,140,100],false,false,8,140,100,7,796,100,7,796,580,7,140,580,7,140,100,5]},{"path":"symbols/112.png","type":0,"id":112}],"frameRate":24}