{"name":null,"assets":[{"path":"symbols/86.png","type":"IMAGE"},{"path":"symbols/90.png","type":"IMAGE"},{"path":"symbols/89.png","type":"IMAGE"},{"path":"symbols/95.png","type":"IMAGE"},{"path":"symbols/94.png","type":"IMAGE"},{"path":"symbols/93.png","type":"IMAGE"},{"path":"symbols/99.png","type":"IMAGE"},{"path":"symbols/98.png","type":"IMAGE"},{"path":"symbols/103.png","type":"IMAGE"},{"path":"symbols/106.png","type":"IMAGE"},{"path":"symbols/108.png","type":"IMAGE"},{"path":"symbols/112.png","type":"IMAGE"},{"path":"symbols/111.png","type":"IMAGE"},{"path":"symbols/115.png","type":"IMAGE"},{"path":"symbols/118.png","type":"IMAGE"},{"path":"symbols/121.png","type":"IMAGE"},{"path":"symbols/18.png","type":"IMAGE"},{"path":"symbols/29.png","type":"IMAGE"},{"path":"symbols/31.png","type":"IMAGE"},{"path":"symbols/33.png","type":"IMAGE"},{"path":"symbols/35.png","type":"IMAGE"},{"path":"symbols/37.png","type":"IMAGE"},{"path":"symbols/39.png","type":"IMAGE"},{"path":"symbols/45.png","type":"IMAGE"},{"path":"symbols/43.png","type":"IMAGE"},{"path":"symbols/49.png","type":"IMAGE"},{"path":"symbols/60.png","type":"IMAGE"},{"path":"symbols/82.png","type":"IMAGE"},{"path":"data.json","type":"TEXT"}],"rootPath":null,"version":3,"libraryArgs":["data.json","pQZu226XCXOvpIyZKeIH"],"libraryType":"swf.exporters.animate.AnimateLibrary"}